Nama Produk,Lemak Total (g),Lemak Jenuh (g),Gula (g),Natrium (g),Sajian per Kemasan,Takaran Saji,Kategori,Gula (g) per 100 ml,Lemak Total (g) per 100 ml,Natrium (g) per 100 ml,Gula (g) per 100 ml_scaled,Lemak Total (g) per 100 ml_scaled,Natrium (g) per 100 ml_scaled,Klaster,Klaster_HC,Klaster_DBSCAN
Pocari Sweat,0.0,0.0,14,0.12,1.5,250.0,Minuman Isotonik,5.6000000000000005,0.0,0.0479999999999999,-0.8970609213583951,-0.6493583970051195,-0.3635339061872112,0,1,0
Isoplus,0.0,0.0,10,0.085,2.0,175.0,Minuman Isotonik,5.714285714285714,0.0,0.0485714285714285,-0.8934880212233348,-0.6493583970051195,-0.3604099701171651,0,1,0
Le Minerale,0.0,0.0,0,0.02,2.0,330.0,Air Mineral,0.0,0.0,0.006060606060606,-1.072133027976352,-0.6493583970051195,-0.5928118807827133,0,1,0
MIZONE White Isotonic Active,0.0,0.0,8,0.065,2.0,500.0,Minuman Isotonik,1.6,0.0,0.013,-1.0221124260855072,-0.6493583970051195,-0.5548749904775326,0,1,0
You C1000 Vitamin Mango,0.0,0.0,20,0.055,1.0,140.0,Minuman Soda,14.285714285714285,0.0,0.0392857142857142,-0.625520511093809,-0.6493583970051195,-0.4111739312554137,0,1,0
Cool Time Coconut Water,0.0,0.0,12,0.045,2.0,200.0,Minuman Sari Buah,6.0,0.0,0.0225,-0.8845557708856839,-0.6493583970051195,-0.5029395533130168,0,1,0
Adem Sari Ching Ku Herbal Lemon,0.0,0.0,16,0.095,1.5,250.0,Minuman Berperisa,6.4,0.0,0.038,-0.8720506204129729,-0.6493583970051195,-0.4182027874130174,0,1,0
Buavita Jambu,0.0,0.0,20,0.075,1.0,245.0,Minuman Sari Buah,8.16326530612245,0.0,0.0306122448979591,-0.8169258754720418,-0.6493583970051195,-0.4585908180328987,0,1,0
Buavita Mangga,0.0,0.0,20,0.085,1.0,245.0,Minuman Sari Buah,8.16326530612245,0.0,0.0346938775510204,-0.8169258754720418,-0.6493583970051195,-0.436276988961141,0,1,0
Buavita Jeruk,0.0,0.0,21,0.015,1.0,245.0,Minuman Sari Buah,8.571428571428571,0.0,0.0061224489795918,-0.8041655178468263,-0.6493583970051195,-0.5924737924634442,0,1,0
Buavita Leci,0.0,0.0,20,0.055,1.0,245.0,Minuman Sari Buah,8.16326530612245,0.0,0.0224489795918367,-0.8169258754720418,-0.6493583970051195,-0.5032184761764138,0,1,0
Fruit Tea Apel,0.0,0.0,22,0.06,1.0,200.0,Minuman Teh,11.0,0.0,0.03,-0.7282413899767939,-0.6493583970051195,-0.4619378923936623,0,1,0
Tehbotol Sosro Original,0.0,0.0,16,0.025,1.5,225.0,Minuman Teh,7.111111111111111,0.0,0.0111111111111111,-0.8498192417948195,-0.6493583970051195,-0.5652013347090739,0,1,0
Fruit Tea Lemon,0.0,0.0,16,0.085,1.5,250.0,Minuman Teh,6.4,0.0,0.034,-0.8720506204129729,-0.6493583970051195,-0.4400703399033398,0,1,0
NU Choco Hazeltea,2.0,2.0,17,0.06,1.5,200.0,Minuman Teh,8.5,1.0,0.03,-0.8063985804312389,-0.4409935006345256,-0.4619378923936623,0,1,0
NU Milk Tea,3.5,3.5,16,0.14,1.5,200.0,Minuman Teh,8.0,1.7500000000000002,0.07,-0.822030018522128,-0.2847198283565801,-0.2432623674904377,0,1,0
NU Teh Tarik,3.5,3.0,14,0.13,1.5,200.0,Minuman Teh,7.000000000000001,1.7500000000000002,0.065,-0.853292894703906,-0.2847198283565801,-0.2705968081033408,0,1,0
Thai Milk Coffee,5.0,1.5,17,0.14,1.0,250.0,Minuman Kopi,6.800000000000001,2.0,0.056,-0.8595454699402616,-0.2326286042639317,-0.3197988012065663,0,1,0
Ichitan Brown Sugar Milk,5.0,4.0,15,0.13,1.0,300.0,Minuman Rasa,5.0,1.6666666666666667,0.0433333333333333,-0.915818647067462,-0.3020835697207963,-0.3890460507592541,0,1,0
Ichitan Thai Milk Tea,5.0,5.0,17,0.13,1.0,300.0,Minuman Teh,5.666666666666666,1.6666666666666667,0.0433333333333333,-0.8949767296129434,-0.3020835697207963,-0.3890460507592541,0,1,0
Teh Pucuk Harum,0.0,0.0,18,0.01,1.5,240.0,Minuman Teh,7.5,0.0,0.0041666666666666,-0.8376614566130169,-0.6493583970051195,-0.6031658355603281,0,1,0
Frestea Lemon,0.0,0.0,12,0.015,1.5,250.0,Minuman Teh,4.8,0.0,0.0059999999999999,-0.9220712223038176,-0.6493583970051195,-0.5931432073355969,0,1,0
Frestea Melati,0.0,0.0,15,0.015,2.0,250.0,Minuman Teh,6.0,0.0,0.0059999999999999,-0.8845557708856839,-0.6493583970051195,-0.5931432073355969,0,1,0
Frestea Apel,0.0,0.0,19,0.03,1.5,250.0,Minuman Teh,7.6,0.0,0.0119999999999999,-0.8345351689948391,-0.6493583970051195,-0.5603418786001133,0,1,0
Frestea Mariksa,0.0,0.0,20,0.02,1.5,250.0,Minuman Teh,8.0,0.0,0.008,-0.822030018522128,-0.6493583970051195,-0.5822094310904358,0,1,0
Teh Pucuk Harum Less Sugar,0.0,0.0,12,0.01,1.5,240.0,Minuman Teh,5.0,0.0,0.0041666666666666,-0.915818647067462,-0.6493583970051195,-0.6031658355603281,0,1,0
Minute Maid Pulpy 4x Extra Vit C,0.0,0.0,27,0.045,3.0,300.0,Minuman Buah,9.0,0.0,0.015,-0.79076714234035,-0.6493583970051195,-0.5439412142323714,0,1,0
Nutriboost Stroberi,2.0,1.0,23,0.125,1.0,250.0,Minuman Mengandung Susu,9.2,0.8,0.05,-0.7845145671039944,-0.4826664799086443,-0.35260012994205,0,1,0
Nutriboost Jeruk,2.0,1.0,22,0.125,1.0,250.0,Minuman Mengandung Susu,8.799999999999999,0.8,0.05,-0.7970197175767056,-0.4826664799086443,-0.35260012994205,0,1,0
Coca Cola Zero Sugar,0.0,0.0,0,0.02,1.5,250.0,Minuman Berkarbonasi,0.0,0.0,0.008,-1.072133027976352,-0.6493583970051195,-0.5822094310904358,0,1,0
Fanta Jeruk,0.0,0.0,11,0.05,1.5,250.0,Minuman Berkarbonasi,4.4,0.0,0.02,-0.9345763727765288,-0.6493583970051195,-0.5166067736194684,0,1,0
Fanta Stroberi,0.0,0.0,11,0.025,1.5,250.0,Minuman Berkarbonasi,4.4,0.0,0.01,-0.9345763727765288,-0.6493583970051195,-0.5712756548452745,0,1,0
Sprite Lemon & Jeruk Nipis,0.0,0.0,12,0.04,1.5,250.0,Minuman Berkarbonasi,4.8,0.0,0.016,-0.9220712223038176,-0.6493583970051195,-0.5384743261097908,0,1,0
Fanta Minuman Air Soda,0.0,0.0,0,0.01,1.0,250.0,Air Soda,0.0,0.0,0.004,-1.072133027976352,-0.6493583970051195,-0.6040769835807581,0,1,0
Nipis Madu Lime Soda,0.0,0.0,22,0.075,1.5,240.0,Minuman Berkarbonasi,9.166666666666666,0.0,0.03125,-0.7855566629767203,-0.6493583970051195,-0.4551042822404365,0,1,0
Floridina Orange Coco,0.0,0.0,21,0.025,2.0,175.0,Minuman Rasa,12.0,0.0,0.0142857142857142,-0.6969785137950159,-0.6493583970051195,-0.547846134319929,0,1,0
Good Day Original Cappuccino,4.0,4.0,24,0.04,1.0,250.0,Minuman Kopi,9.6,1.6,0.016,-0.7720094166312831,-0.3159745628121692,-0.5384743261097908,0,1,0
Good Day Funtastic Mocacinno,2.5,2.5,23,0.08,1.0,250.0,Minuman Kopi,9.2,1.0,0.032,-0.7845145671039944,-0.4409935006345256,-0.451004116148501,0,1,0
Golda Coffee Cappuccino,5.0,5.0,19,0.08,1.0,200.0,Minuman Kopi,9.5,2.5,0.04,-0.7751357042494609,-0.1284461560786347,-0.4072690111678562,0,1,0
Good Day Avocado Delight,0.0,0.0,23,0.075,1.0,250.0,Minuman Kopi,9.2,0.0,0.03,-0.7845145671039944,-0.6493583970051195,-0.4619378923936623,0,1,0
Grass Jelly,0.0,0.0,23,0.055,1.0,310.0,Minuman Cincau,7.419354838709677,0.0,0.0177419354838709,-0.8401826563050959,-0.6493583970051195,-0.5289513597027149,0,1,0
Cincau Selasih,0.0,0.0,25,0.025,1.0,310.0,Minuman Cincau,8.064516129032258,0.0,0.0080645161290322,-0.8200130587684649,-0.6493583970051195,-0.5818567286309143,0,1,0
You C1000 Vitamin Apple,0.0,0.0,14,0.045,1.0,140.0,Minuman Soda,10.0,0.0,0.0321428571428571,-0.7595042661585719,-0.6493583970051195,-0.4502231321309895,0,1,0
You C1000 Vitamin Lemon,0.0,0.0,16,0.1,1.0,140.0,Minuman Soda,11.428571428571429,0.0,0.0714285714285714,-0.7148430144703175,-0.6493583970051195,-0.2354525273153226,0,1,0
You C1000 Vitamin Orange,0.0,0.0,20,0.06,1.0,140.0,Minuman Soda,14.285714285714285,0.0,0.0428571428571428,-0.625520511093809,-0.6493583970051195,-0.3916493308176258,0,1,0
Kratingdaeng Red Bull,0.0,0.0,0,0.0,1.0,250.0,Suplemen Makanan,0.0,0.0,0.0,-1.072133027976352,-0.6493583970051195,-0.6259445360710806,0,1,0
Mr Jussie Susu Cokelat,0.0,0.0,8,0.045,1.0,90.0,Minuman Rasa Susu,8.88888888888889,0.0,0.05,-0.7942407952494364,-0.6493583970051195,-0.35260012994205,0,1,0
Mr Jussie Fruity Jeruk,0.0,0.0,9,0.025,1.0,90.0,Minuman Rasa Susu,10.0,0.0,0.0277777777777777,-0.7595042661585719,-0.6493583970051195,-0.4740865326660636,0,1,0
Mr Jussie Milky Stroberi,0.0,0.0,10,0.02,1.0,90.0,Minuman Rasa Susu,11.11111111111111,0.0,0.0222222222222222,-0.7247677370677075,-0.6493583970051195,-0.504458133347067,0,1,0
Mr Jussie Milky Anggur,0.0,0.0,9,0.025,1.0,90.0,Minuman Rasa Susu,10.0,0.0,0.0277777777777777,-0.7595042661585719,-0.6493583970051195,-0.4740865326660636,0,1,0
Tropicana Slim Almond Drink Chocolicious,3.0,0.5,0,0.09,1.0,190.0,Minuman Almond,0.0,1.5789473684210529,0.0473684210526315,-1.072133027976352,-0.3203611922094449,-0.3669866776330516,0,1,0
Tropicana Slim Oat Drink Japanese Cantaloupe Melon,3.0,1.0,0,0.125,1.0,190.0,Minuman Oat,0.0,1.5789473684210529,0.0657894736842105,-1.072133027976352,-0.3203611922094449,-0.2662808437960404,0,1,0
Tropicana Slim Collagen Shot Peach Blossom,0.0,0.0,5,0.025,1.0,190.0,Minuman Rasa,2.631578947368421,0.0,0.0131578947368421,-0.9898623011821994,-0.6493583970051195,-0.5540117976160726,0,1,0
Tropicana Slim Oat Drink Vanillicious,2.5,1.5,0,0.07,1.0,190.0,Minuman Oat,0.0,1.3157894736842104,0.0368421052631579,-1.072133027976352,-0.3751940596753907,-0.424532868397058,0,1,0
Oatside Barista Blend,6.0,0.5,6,0.08,1.0,200.0,Minuman Oat,3.0,3.0,0.04,-0.978344399431018,-0.0242637078933378,-0.4072690111678562,0,1,0
Oatside Chocolate,6.0,1.0,10,0.09,1.0,200.0,Minuman Oat,5.0,3.0,0.045,-0.915818647067462,-0.0242637078933378,-0.3799345705549531,0,1,0
Oatside Mocha,6.0,0.0,14,0.08,1.0,200.0,Minuman Oat,7.000000000000001,3.0,0.04,-0.853292894703906,-0.0242637078933378,-0.4072690111678562,0,1,0
Oatside Caramel Macchiato,6.0,0.0,14,0.08,1.0,200.0,Minuman Oat,7.000000000000001,3.0,0.04,-0.853292894703906,-0.0242637078933378,-0.4072690111678562,0,1,0
Oatside Coffee,7.0,0.5,12,0.09,1.0,200.0,Minuman Oat,6.0,3.5000000000000004,0.045,-0.8845557708856839,0.0799187402919592,-0.3799345705549531,0,1,0
Luwak White Koffie Original,1.5,1.5,12,0.015,1.0,20.0,Minuman Serbuk Kopi,60.0,7.5,0.075,0.8036395429303289,0.9133783257743348,-0.2159279268775347,1,0,1
Kopi Kenangan Kopi Susu Alpukat,3.0,3.0,20,0.16,1.0,220.0,Minuman Kopi,9.090909090909092,1.3636363636363635,0.0727272727272727,-0.787925062687461,-0.3652244474088551,-0.2283526726106724,0,1,0
Kopi Kenangan Cappucino Mantancino,3.5,3.5,20,0.18,1.0,220.0,Minuman Kopi,9.090909090909092,1.5909090909090908,0.0818181818181818,-0.787925062687461,-0.317868789142811,-0.1786536896781215,0,1,0
Kopi Kenangan Original Black Coffee,0.0,0.0,13,0.06,1.0,220.0,Minuman Kopi,5.909090909090909,0.0,0.0272727272727272,-0.8873978505385729,-0.6493583970051195,-0.4768475872734276,0,1,0
Green Sands Original Lime & Apple,0.0,0.0,19,0.03,1.0,250.0,Minuman Berkarbonasi,7.6,0.0,0.0119999999999999,-0.8345351689948391,-0.6493583970051195,-0.5603418786001133,0,1,0
Bintang 00,0.0,0.0,14,0.025,1.5,250.0,Minuman Malt,5.6000000000000005,0.0,0.01,-0.8970609213583951,-0.6493583970051195,-0.5712756548452745,0,1,0
Nescafe Latte,3.0,3.5,16,0.115,1.0,220.0,Minuman Kopi Susu,7.272727272727272,1.3636363636363635,0.0522727272727272,-0.8447666557452392,-0.3652244474088551,-0.3401753842089122,0,1,0
Nescafe Caramel Macchiato,3.0,3.0,16,0.115,1.0,220.0,Minuman Kopi Susu,7.272727272727272,1.3636363636363635,0.0522727272727272,-0.8447666557452392,-0.3652244474088551,-0.3401753842089122,0,1,0
Nescafe Cappuccino,4.0,3.5,14,0.13,1.0,220.0,Minuman Kopi Susu,6.363636363636363,1.818181818181818,0.0590909090909091,-0.8731874522741283,-0.270513130876767,-0.302901147009499,0,1,0
Thai Milk Green Tea,5.0,5.0,14,0.14,1.0,250.0,Minuman Teh HIjau Susu,5.6000000000000005,2.0,0.056,-0.8970609213583951,-0.2326286042639317,-0.3197988012065663,0,1,0
Tropicana Slim Sweetener Classic,0.0,0.0,0,0.0,25.0,2.5,Sediaan Pemanis,0.0,0.0,0.0,-1.072133027976352,-0.6493583970051195,-0.6259445360710806,0,1,0
SariWangi SariMurni,0.0,0.0,0,0.0,1.8,20.0,Teh Celup,0.0,0.0,0.0,-1.072133027976352,-0.6493583970051195,-0.6259445360710806,0,1,0
Nutrisari Lemon Tea,0.0,0.0,9,0.025,1.0,11.0,Minuman Serbuk Teh,81.81818181818183,0.0,0.2272727272727273,1.4857386596236677,-0.6493583970051195,0.6165300372426948,2,0,2
Nutrisari Lychee Tea,0.0,0.0,9,0.03,1.0,11.0,Minuman Serbuk Teh,81.81818181818183,0.0,0.2727272727272727,1.4857386596236677,-0.6493583970051195,0.8650249519054497,2,0,2
Max Tea Lemon Tea,0.0,0.0,24,0.0,1.0,25.0,Minuman Serbuk Teh,96.0,0.0,0.0,1.9291030854743372,-0.6493583970051195,-0.6259445360710806,2,0,2
Max Tea Tarik Jahe,3.0,3.0,15,0.015,1.0,25.0,Minuman Serbuk Teh,60.0,12.0,0.06,0.8036395429303289,1.8510203594420076,-0.2979312487162439,1,0,1
Max Tea Tarik,3.0,3.0,13,0.01,5.0,25.0,Minuman Serbuk Teh,52.0,12.0,0.04,0.5535365334761048,1.8510203594420076,-0.4072690111678562,1,0,1
Hilo Calcium Teh Tarik,1.5,1.5,9,0.06,1.0,15.0,Minuman Serbuk Rasa,60.0,10.0,0.4,0.8036395429303289,1.4342905667008194,1.560810712961164,1,2,-1
Teh Poci Teh Tarik Gula Aren,3.0,3.0,17,0.16,1.0,25.0,Minuman Serbuk Rasa,68.0,12.0,0.64,1.053742552384553,1.8510203594420076,2.8728638623805103,3,2,-1
Teh Poci Pandan Vanilla,0.0,0.0,19,0.0,1.0,24.0,Minuman Serbuk Rasa,79.16666666666666,0.0,0.0,1.4028446697477406,-0.6493583970051195,-0.6259445360710806,2,0,2
Nutrisari Cocopandan,0.0,0.0,9,0.06,1.0,11.0,Minuman Serbuk Rasa,81.81818181818183,0.0,0.5454545454545454,1.4857386596236677,-0.6493583970051195,2.35599443988198,3,2,-1
Nutrisari Jeruk Maroko,0.0,0.0,10,0.015,1.0,11.0,Minuman Serbuk Rasa,90.9090909090909,0.0,0.1363636363636363,1.7699466249125584,-0.6493583970051195,0.1195402079171845,2,0,2
Nutrisari Anggur Hijau,0.0,0.0,10,0.035,1.0,11.0,Minuman Serbuk Rasa,90.9090909090909,0.0,0.3181818181818182,1.7699466249125584,-0.6493583970051195,1.113519866568205,2,0,2
Nutrisari Es Cincau,0.0,0.0,10,0.015,1.0,11.0,Minuman Serbuk Rasa,90.9090909090909,0.0,0.1363636363636363,1.7699466249125584,-0.6493583970051195,0.1195402079171845,2,0,2
Nutrisari Milky Orange,0.0,0.0,8,0.06,1.0,11.0,Minuman Serbuk Rasa,72.72727272727273,0.0,0.5454545454545454,1.2015306943347766,-0.6493583970051195,2.35599443988198,3,2,-1
Nutrisari Blewah,0.0,0.0,9,0.005,1.0,11.0,Minuman Serbuk Rasa,81.81818181818183,0.0,0.0454545454545454,1.4857386596236677,-0.6493583970051195,-0.3774496214083255,2,0,2
Nutrisari Semangka,0.0,0.0,10,0.005,1.0,11.0,Minuman Serbuk Rasa,90.9090909090909,0.0,0.0454545454545454,1.7699466249125584,-0.6493583970051195,-0.3774496214083255,2,0,2
Nutrisari Isotonik,0.0,0.0,10,0.07,1.0,11.0,Minuman Serbuk Rasa,90.9090909090909,0.0,0.6363636363636364,1.7699466249125584,-0.6493583970051195,2.85298426920749,3,2,-1
Nutrisari Gula Asem,0.0,0.0,9,0.115,1.0,11.0,Minuman Serbuk Rasa,81.81818181818183,0.0,1.0454545454545454,1.4857386596236677,-0.6493583970051195,5.089438501172285,3,2,-1
Nutrisari Sweet Guava,0.0,0.0,9,0.01,1.0,11.0,Minuman Serbuk Rasa,81.81818181818183,0.0,0.0909090909090909,1.4857386596236677,-0.6493583970051195,-0.1289547067455704,2,0,2
Nutrisari Belimbing,0.0,0.0,4,0.03,1.0,6.0,Minuman Serbuk Rasa,66.66666666666666,0.0,0.5,1.0120587174755151,-0.6493583970051195,2.107499525219225,3,2,-1
Adem Sari Madu Lemon Tea,0.0,0.0,15,0.035,2.0,175.0,Minuman Berperisa,8.571428571428571,0.0,0.02,-0.8041655178468263,-0.6493583970051195,-0.5166067736194684,0,1,0
Adem Sari Sparkling,0.0,0.0,23,0.095,1.5,250.0,Minuman Berkarbonasi,9.2,0.0,0.038,-0.7845145671039944,-0.6493583970051195,-0.4182027874130174,0,1,0
Cap Panda Cincau Selasih,0.0,0.0,25,0.025,1.0,310.0,MInuman Cincau,8.064516129032258,0.0,0.0080645161290322,-0.8200130587684649,-0.6493583970051195,-0.5818567286309143,0,1,0
Cap Panda Cincau,0.0,0.0,23,0.055,1.0,310.0,MInuman Cincau,7.419354838709677,0.0,0.0177419354838709,-0.8401826563050959,-0.6493583970051195,-0.5289513597027149,0,1,0
Tora Cafe Iced Cappuccino,3.5,3.0,14,0.15,1.0,180.0,Minuman Kopi,7.777777777777778,1.9444444444444444,0.0833333333333333,-0.8289773243403008,-0.2442044318400758,-0.1703705258560297,0,1,0
Tora Cafe Iced Milky Latte,3.5,3.5,9,0.29,1.0,180.0,Minuman Kopi,5.0,1.9444444444444444,0.1611111111111111,-0.915818647067462,-0.2442044318400758,0.2548318836780178,0,1,0
Golda Coffee Dolce Latte,2.5,2.0,15,0.105,1.0,200.0,Minuman Kopi,7.5,1.25,0.0525,-0.8376614566130169,-0.3889022765418771,-0.3389329096355985,0,1,0
ABC Kopi Susu,2.5,2.5,17,0.105,1.0,200.0,Minuman Kopi,8.5,1.25,0.0525,-0.8063985804312389,-0.3889022765418771,-0.3389329096355985,0,1,0
Kopiko Coffee Latte,2.5,2.0,20,0.11,1.0,240.0,Minuman Kopi,8.333333333333332,1.0416666666666663,0.0458333333333333,-0.8116090597948686,-0.4323116299524175,-0.3753788304528026,0,1,0
Good Day Tiramisu Bliss,3.0,3.0,22,0.08,1.0,250.0,Minuman Kopi,8.799999999999999,1.2,0.032,-0.7970197175767056,-0.3993205213604068,-0.451004116148501,0,1,0
Delizio Caffino Oat Cappuccino,2.5,2.5,15,0.12,1.0,200.0,Minuman Kopi,7.5,1.25,0.06,-0.8376614566130169,-0.3889022765418771,-0.2979312487162439,0,1,0
Chocolatos,2.0,2.0,13,0.085,1.0,180.0,Minuman Rasa Cokelat,7.222222222222221,1.1111111111111112,0.0472222222222222,-0.8463455888857331,-0.4178418454822374,-0.3677859302825517,0,1,0
Kapal Api Original Black Coffee,0.0,0.0,18,0.03,1.0,200.0,Minuman Kopi,9.0,0.0,0.015,-0.79076714234035,-0.6493583970051195,-0.5439412142323714,0,1,0
Chocolatos Rasa Cokelat,1.5,1.5,16,0.6,1.0,150.0,Minuman Rasa Cokelat,10.666666666666668,1.0,0.4,-0.7386623487040532,-0.4409935006345256,1.560810712961164,0,1,-1
Milo,4.0,2.5,13,0.075,1.0,220.0,Minuman Cokelat,5.909090909090909,1.818181818181818,0.034090909090909,-0.8873978505385729,-0.270513130876767,-0.4395733500740143,0,1,0
Nescafe Coconut Latte,4.5,4.0,14,0.15,1.0,220.0,Minuman Kopi Susu,6.363636363636363,2.0454545454545454,0.0681818181818181,-0.8731874522741283,-0.2231574726107229,-0.253202164076948,0,1,0
Tebs Sparkling Tea,0.0,0.0,31,0.075,1.0,330.0,Minuman Teh,9.393939393939393,0.0,0.0227272727272727,-0.778451463844498,-0.6493583970051195,-0.5016970787397032,0,1,0
Oronamin C Drink,0.0,0.0,19,0.0,1.0,120.0,Suplemen Makanan,15.833333333333332,0.0,0.0,-0.5771374884315336,-0.6493583970051195,-0.6259445360710806,0,1,0
Fibe Mini Rich in Fiber,0.0,0.0,9,0.02,1.0,100.0,Minuman Berperisa,9.0,0.0,0.02,-0.79076714234035,-0.6493583970051195,-0.5166067736194684,0,1,0
Benecol Lychee,2.0,0.0,6,0.055,1.0,100.0,Minuman Rasa,6.0,2.0,0.055,-0.8845557708856839,-0.2326286042639317,-0.3252656893291469,0,1,0
Hydro Coco Vita-D,0.0,0.0,9,0.15,1.0,330.0,Minuman Air Kelapa,2.727272727272727,0.0,0.0454545454545454,-0.9868706383896848,-0.6493583970051195,-0.3774496214083255,0,1,0
Hydro Coco Original,0.0,0.0,7,0.105,2.0,250.0,Minuman Air Kelapa,2.8000000000000003,0.0,0.0419999999999999,-0.9845969746673736,-0.6493583970051195,-0.3963352349226949,0,1,0
Pocari Sweat Low Calorie,0.0,0.0,9,0.13,2.0,250.0,Minuman Isotonik,3.6,0.0,0.052,-0.9595866737219512,-0.6493583970051195,-0.3416663536968888,0,1,0
Isoplus Coco,0.0,0.0,12,0.085,2.0,175.0,Minuman Isotonik,6.857142857142858,0.0,0.0485714285714285,-0.8577590198727314,-0.6493583970051195,-0.3604099701171651,0,1,0
MIZONE Lychee Lemon,0.0,0.0,8,0.065,2.0,250.0,Minuman Isotonik,3.2,0.0,0.026,-0.9720918241946624,-0.6493583970051195,-0.4838054448839846,0,1,0
MIZONE Cranberry,0.0,0.0,8,0.065,2.0,250.0,Minuman Isotonik,3.2,0.0,0.026,-0.9720918241946624,-0.6493583970051195,-0.4838054448839846,0,1,0
Sunkist Lemon Water C,0.0,0.0,15,0.05,1.0,330.0,Minuman Rasa,4.545454545454546,0.0,0.0151515151515151,-0.9300290453319066,-0.6493583970051195,-0.5431128978501623,0,1,0
Sunkist Orange Water C,0.0,0.0,13,0.065,1.0,330.0,Minuman Rasa,3.939393939393939,0.0,0.0196969696969697,-0.9489762430178328,-0.6493583970051195,-0.5182634063838867,0,1,0
You C1000 Orange Water,0.0,0.0,40,0.06,1.0,500.0,Minuman Isotonik,8.0,0.0,0.0119999999999999,-0.822030018522128,-0.6493583970051195,-0.5603418786001133,0,1,0
You C1000 Lemon Water,0.0,0.0,37,0.06,1.0,500.0,Minuman Isotonik,7.399999999999999,0.0,0.0119999999999999,-0.8407877442311948,-0.6493583970051195,-0.5603418786001133,0,1,0
Floridina Orange,0.0,0.0,19,0.025,2.0,175.0,Minuman Rasa,10.857142857142858,0.0,0.0142857142857142,-0.7327075151456193,-0.6493583970051195,-0.547846134319929,0,1,0
Im Coco Rasa Coco Melon,0.0,0.0,24,0.075,1.0,350.0,Minuman Nata de Coco,6.857142857142858,0.0,0.0214285714285714,-0.8577590198727314,-0.6493583970051195,-0.5087969334443533,0,1,0
Im Coco Rasa Mangga,0.0,0.0,21,0.035,1.0,350.0,Minuman Nata de Coco,6.0,0.0,0.01,-0.8845557708856839,-0.6493583970051195,-0.5712756548452745,0,1,0
Im Coco Rasa Stroberi,0.0,0.0,23,0.04,1.0,350.0,Minuman Nata de Coco,6.571428571428571,0.0,0.0114285714285714,-0.8666912702103823,-0.6493583970051195,-0.5634658146701593,0,1,0
NU Green Tea Rasa Madu,0.0,0.0,18,0.01,2.0,200.0,Minuman Teh Hijau,9.0,0.0,0.005,-0.79076714234035,-0.6493583970051195,-0.5986100954581776,0,1,0
NU Yogurt Tea,0.0,0.0,20,0.02,2.0,200.0,Minuman Teh,10.0,0.0,0.01,-0.7595042661585719,-0.6493583970051195,-0.5712756548452745,0,1,0
NU Green Tea,0.0,0.0,16,0.01,2.0,200.0,Minuman Teh Hijau,8.0,0.0,0.005,-0.822030018522128,-0.6493583970051195,-0.5986100954581776,0,1,0
NU Green Tea Rock Sugar,0.0,0.0,16,0.015,2.0,200.0,Minuman Teh Hijau,8.0,0.0,0.0075,-0.822030018522128,-0.6493583970051195,-0.584942875151726,0,1,0
Teh Javana Original,0.0,0.0,14,0.01,2.0,175.0,Minuman Teh,8.0,0.0,0.0057142857142857,-0.822030018522128,-0.6493583970051195,-0.59470517537062,0,1,0
Teh Javana Gula Batu,0.0,0.0,14,0.01,2.0,175.0,Minuman Teh,8.0,0.0,0.0057142857142857,-0.822030018522128,-0.6493583970051195,-0.59470517537062,0,1,0
Teh Gelas,0.0,0.0,14,0.01,2.0,200.0,Minuman Teh,7.000000000000001,0.0,0.005,-0.853292894703906,-0.6493583970051195,-0.5986100954581776,0,1,0
Fruit Tea Blackcurrant,0.0,0.0,15,0.06,2.0,250.0,Minuman Teh,6.0,0.0,0.0239999999999999,-0.8845557708856839,-0.6493583970051195,-0.494739221129146,0,1,0
Teh Gelas Blackcurrant,0.0,0.0,22,0.035,1.0,250.0,Minuman Teh,8.799999999999999,0.0,0.014,-0.7970197175767056,-0.6493583970051195,-0.5494081023549521,0,1,0
Okky Jelly Drink Big Rasa Stroberi,0.0,0.0,10,0.06,1.0,220.0,Minuman Jeli,4.545454545454546,0.0,0.0272727272727272,-0.9300290453319066,-0.6493583970051195,-0.4768475872734276,0,1,0
Ultra Sari Kacang Ijo,0.0,0.0,20,0.065,1.0,200.0,Minuman Sari Kacang Hijau,10.0,0.0,0.0325,-0.7595042661585719,-0.6493583970051195,-0.4482706720872107,0,1,0
Ultra Sari Kacang Ijo Kids,0.0,0.0,15,0.05,1.0,150.0,Minuman Sari Kacang Hijau,10.0,0.0,0.0333333333333333,-0.7595042661585719,-0.6493583970051195,-0.4437149319850602,0,1,0
ABC Lychee Drink,0.0,0.0,19,0.02,1.0,250.0,Minuman Buah,7.6,0.0,0.008,-0.8345351689948391,-0.6493583970051195,-0.5822094310904358,0,1,0
ABC Minuman Buah Jeruk,0.0,0.0,18,0.035,1.0,250.0,Minuman Buah,7.199999999999999,0.0,0.014,-0.8470403194675504,-0.6493583970051195,-0.5494081023549521,0,1,0
ABC Minuman Buah Sirsak,0.0,0.0,17,0.04,1.0,250.0,Minuman Buah,6.800000000000001,0.0,0.016,-0.8595454699402616,-0.6493583970051195,-0.5384743261097908,0,1,0
ABC Minuman Buah Apel,0.0,0.0,18,0.035,1.0,250.0,Minuman Buah,7.199999999999999,0.0,0.014,-0.8470403194675504,-0.6493583970051195,-0.5494081023549521,0,1,0
ABC Minuman Sari Buah Jambu,0.0,0.0,18,0.03,1.0,250.0,Minuman Sari Buah,7.199999999999999,0.0,0.0119999999999999,-0.8470403194675504,-0.6493583970051195,-0.5603418786001133,0,1,0
ABC Minuman Asam Jawa,0.0,0.0,18,0.055,1.0,250.0,Minuman Asam Jawa,7.199999999999999,0.0,0.022,-0.8470403194675504,-0.6493583970051195,-0.5056729973743072,0,1,0
Kapal Api Special Mix,0.5,0.0,17,0.0,1.0,23.0,Minuman Serbuk Kopi,73.91304347826086,2.1739130434782608,0.0,1.2386012985028922,-0.1963912309820893,-0.6259445360710806,2,0,2
TOP Plus,0.0,0.0,13,0.01,1.0,18.0,Minuman Serbuk Kopi,72.22222222222221,0.0,0.0555555555555555,1.1857413629298377,-0.6493583970051195,-0.3222285292610466,2,0,2
TOP Cappuccino,3.5,3.5,14,0.05,1.0,25.0,Minuman Serbuk Kopi,56.00000000000001,14.000000000000002,0.2,0.678588038203217,2.2677501521831958,0.4674330884450417,1,0,1
TOP Coffee Gula Aren,2.5,2.5,14,0.035,1.0,22.0,Minuman Serbuk Kopi,63.63636363636363,11.363636363636363,0.1590909090909091,0.9173227290458852,1.718424516297084,0.2437876652485621,1,0,1
TOP Coffee Gula Aren Tubruk,2.0,2.0,17,0.045,1.0,27.0,Minuman Serbuk Kopi,62.96296296296296,7.4074074074074066,0.1666666666666666,0.8962702871726341,0.8940852798140945,0.2852034843590212,1,0,1
TOP Avocado Coffee,3.5,3.5,11,0.03,1.0,22.0,Minuman Serbuk Kopi,50.0,15.909090909090908,0.1363636363636363,0.4910107811125487,2.665537681617965,0.1195402079171845,1,0,-1
Kapal Api Kopi Susu,3.5,2.5,18,0.05,1.0,31.0,Minuman Serbuk Kopi,58.06451612903226,11.29032258064516,0.1612903225806451,0.7431307503204361,1.7031484975015856,0.2558116127322438,1,0,1
Kapal Api Gula Aren,1.0,1.0,17,0.0,1.0,23.0,Minuman Serbuk Kopi,73.91304347826086,4.3478260869565215,0.0,1.2386012985028922,0.2565759350409409,-0.6259445360710806,2,0,1
FresCo Kopi moka,2.5,2.5,16,0.02,1.0,28.0,Minuman Serbuk Kopi,57.14285714285714,8.928571428571429,0.0714285714285714,0.7143170395538202,1.211042463446612,-0.2354525273153226,1,0,1
FresCo Kopi Susu,2.0,2.0,19,0.03,1.0,27.0,Minuman Serbuk Kopi,70.37037037037037,7.4074074074074066,0.1111111111111111,1.1278471477783971,0.8940852798140945,-0.0185125224510127,1,0,1
FresCo Cappuccino,2.0,2.0,18,0.06,1.0,25.0,Minuman Serbuk Kopi,72.0,8.0,0.24,1.178794057111665,1.0175607739596315,0.6861086133482661,1,0,1
Pikopi Gula Aren,2.5,2.5,12,0.005,1.0,20.0,Minuman Serbuk Kopi,60.0,12.5,0.025,0.8036395429303289,1.9552028076273045,-0.4892723330065652,1,0,1
Pikopi 3in1 KopiMix,2.5,2.5,11,0.025,1.0,20.0,Minuman Serbuk Kopi,55.00000000000001,12.5,0.125,0.6473251620214391,1.9552028076273045,0.0574164792514958,1,0,1
Pikopi Moccachino,2.0,2.0,12,0.01,1.0,19.0,Minuman Serbuk Kopi,63.1578947368421,10.526315789473683,0.0526315789473684,0.902364415083312,1.543956301632711,-0.3382135822510485,1,0,1
TOP White Coffee,3.0,3.0,14,0.025,1.0,21.0,Minuman Serbuk Kopi,66.66666666666666,14.285714285714285,0.119047619047619,1.0120587174755151,2.3272829797176504,0.0248754785218493,1,0,1
TOP Coffee Kopi Susu,2.0,2.0,19,0.025,1.0,30.0,Minuman Serbuk Kopi,63.33333333333333,6.666666666666667,0.0833333333333333,0.907849130202922,0.7397409121321732,-0.1703705258560296,1,0,1
TOP Coffee Kopi Mocca,2.0,2.0,21,0.06,1.0,30.0,Minuman Serbuk Kopi,70.0,6.666666666666667,0.2,1.116268304748109,0.7397409121321732,0.4674330884450417,1,0,1
TOP Coffee Kopi Gula,1.5,0.5,18,0.035,1.0,25.0,Minuman Serbuk Kopi,72.0,6.0,0.14,1.178794057111665,0.6008309812184439,0.139419801090205,2,0,1
NEO Coffee Tiramisu,2.0,2.0,13,0.04,1.0,20.0,Minuman Serbuk Kopi,65.0,10.0,0.2,0.959953923839219,1.4342905667008194,0.4674330884450417,1,0,1
NEO Coffee Caramel Macchiato,2.5,2.5,12,0.05,1.0,20.0,Minuman Serbuk Kopi,60.0,12.5,0.25,0.8036395429303289,1.9552028076273045,0.7407774945740723,1,0,1
NEO Coffee Moccachino,2.5,2.5,12,0.04,1.0,20.0,Minuman Serbuk Kopi,60.0,12.5,0.2,0.8036395429303289,1.9552028076273045,0.4674330884450417,1,0,1
ABC Plus Gula,0.0,0.0,13,0.0,1.0,18.0,Minuman Serbuk Kopi,72.22222222222221,0.0,0.0,1.1857413629298377,-0.6493583970051195,-0.6259445360710806,2,0,2
ABC Kopi Susu Gula Aren,3.0,3.0,17,0.01,1.0,27.0,Minuman Serbuk Kopi,62.96296296296296,11.11111111111111,0.037037037037037,0.8962702871726341,1.6658071182237015,-0.4234671981977246,1,0,1
ABC Kopi Mocca,2.5,2.0,17,0.02,1.0,27.0,Minuman Serbuk Kopi,62.96296296296296,9.25925925925926,0.074074074074074,0.8962702871726341,1.2799461990188985,-0.2209898603243686,1,0,1
Luwak White Koffie Tarik Malaka,4.0,4.0,11,0.025,1.0,25.0,Minuman Serbuk Kopi,44.0,16.0,0.1,0.3034335240218806,2.684479944924383,-0.0792557238130194,1,0,-1
Luwak Kopi Gula,0.5,0.0,16,0.0,1.0,23.0,Minuman Serbuk Kopi,69.56521739130434,2.1739130434782608,0.0,1.1026757498864663,-0.1963912309820893,-0.6259445360710806,2,0,2
Good Day Vanilla Latte,2.0,2.0,13,0.015,1.0,20.0,Minuman Serbuk Kopi,65.0,10.0,0.075,0.959953923839219,1.4342905667008194,-0.2159279268775347,1,0,1
Good Day Chococinno,2.5,2.5,13,0.04,1.0,20.0,Minuman Serbuk Kopi,65.0,12.5,0.2,0.959953923839219,1.9552028076273045,0.4674330884450417,1,0,1
Good Day Carrebian Nut,2.5,2.5,12,0.01,1.0,20.0,Minuman Serbuk Kopi,60.0,12.5,0.05,0.8036395429303289,1.9552028076273045,-0.35260012994205,1,0,1
Good Day Mocacinno,2.0,2.0,13,0.01,1.0,20.0,Minuman Serbuk Kopi,65.0,10.0,0.05,0.959953923839219,1.4342905667008194,-0.35260012994205,1,0,1
Good Day CooLin Coffee,2.0,2.0,13,0.02,1.0,20.0,Minuman Serbuk Kopi,65.0,10.0,0.1,0.959953923839219,1.4342905667008194,-0.0792557238130194,1,0,1
Energen Kurma,3.5,3.5,15,0.11,1.0,30.0,Minuman dengan Sereal,50.0,11.666666666666666,0.3666666666666666,0.4910107811125487,1.7815653939851426,1.3785811088751434,1,2,-1
Energen Vanila,4.0,3.5,18,0.105,1.0,34.0,Minuman dengan Sereal,52.94117647058824,11.76470588235294,0.3088235294117646,0.5829604169413077,1.8019933250018676,1.0623591488435198,1,2,1
Energen Cokelat,3.5,3.0,16,0.21,1.0,35.0,Minuman dengan Sereal,45.71428571428572,10.0,0.6,0.3570270260477858,1.4342905667008194,2.654188337477286,3,2,-1
Energen Kacang Hijau,3.0,3.0,14,0.17,1.0,32.0,Minuman dengan Sereal,43.75,9.375,0.53125,0.2956178049764361,1.3040625064691984,2.2783397790498694,3,2,-1
Energen Jahe,3.5,3.5,16,0.16,1.0,32.0,Minuman dengan Sereal,50.0,10.9375,0.5,0.4910107811125487,1.629632657048251,2.107499525219225,1,2,-1
Jangkrik Mas Serbat Uwuh,0.0,0.0,10,0.02,1.0,12.0,Minuman Jahe,83.33333333333334,0.0,0.1666666666666666,1.533106653838483,-0.6493583970051195,0.2852034843590214,2,0,2
Jangkrik Mas Serbat Jintan Hitam,0.0,0.0,11,0.0,1.0,12.0,Minuman Jahe,91.66666666666666,0.0,0.0,1.7936306220199658,-0.6493583970051195,-0.6259445360710806,2,0,2
INTRA Jahe Wangi,0.0,0.0,16,0.055,1.0,18.0,Minuman Serbuk,88.88888888888889,0.0,0.3055555555555556,1.7067892992928049,-0.6493583970051195,1.0444935013841063,2,0,2
INTRA Jahe Susu,1.5,1.5,23,0.07,1.0,26.0,Minuman Serbuk,88.46153846153845,5.769230769230769,0.2692307692307693,1.6934290957963185,0.5527467743636915,0.8459099584698535,2,0,-1
KOKITA Wedang Jahe,0.0,0.0,16,0.0,1.0,18.0,Minuman Botanikal Serbuk,88.88888888888889,0.0,0.0,1.7067892992928049,-0.6493583970051195,-0.6259445360710806,2,0,2
Nutrisari Leci,0.0,0.0,9,0.015,1.0,11.0,Minuman Serbuk Rasa,81.81818181818183,0.0,0.1363636363636363,1.4857386596236677,-0.6493583970051195,0.1195402079171845,2,0,2
Nutrisari Kelapa Muda,0.0,0.0,9,0.12,1.0,11.0,Minuman Serbuk Rasa,81.81818181818183,0.0,1.0909090909090908,1.4857386596236677,-0.6493583970051195,5.33793341583504,3,2,-1
Nutrisari Sirsak,0.0,0.0,10,0.02,1.0,11.0,Minuman Serbuk Rasa,90.9090909090909,0.0,0.1818181818181818,1.7699466249125584,-0.6493583970051195,0.3680351225799396,2,0,2
Tora Moka Kopi Susu & Cokelat,3.5,3.0,14,0.05,1.0,28.0,Minuman Serbuk Kopi,50.0,12.5,0.1785714285714285,0.4910107811125487,1.9552028076273045,0.3502854858183143,1,0,1
Nutrisari Mangga Gandaria,0.0,0.0,9,0.02,1.0,11.0,Minuman Serbuk Rasa,81.81818181818183,0.0,0.1818181818181818,1.4857386596236677,-0.6493583970051195,0.3680351225799396,2,0,2
Nutrisari Melon,0.0,0.0,9,0.025,1.0,11.0,Minuman Serbuk Rasa,81.81818181818183,0.0,0.2272727272727273,1.4857386596236677,-0.6493583970051195,0.6165300372426948,2,0,2
Nutrisari Strawberry,0.0,0.0,8,0.02,1.0,11.0,Minuman Serbuk Rasa,72.72727272727273,0.0,0.1818181818181818,1.2015306943347766,-0.6493583970051195,0.3680351225799396,2,0,2
Sidomuncul Susu Jahe,1.5,1.0,20,0.005,1.0,27.0,Minuman Serbuk,74.07407407407408,5.555555555555555,0.0185185185185185,1.243635578081279,0.508224360609291,-0.5247058671344026,2,0,1
Nutrisari Jeruk Peras,0.0,0.0,12,0.035,1.0,14.0,Minuman Serbuk Rasa,85.71428571428571,0.0,0.25,1.6075420733189063,-0.6493583970051195,0.7407774945740723,2,0,2
Jahe Merah AMH,0.0,0.0,20,0.0,2.0,20.0,Minuman Serbuk,100.0,0.0,0.0,2.054154590201449,-0.6493583970051195,-0.6259445360710806,2,0,2
Nutrisari Madu Kurma,0.0,0.0,9,0.02,1.0,14.0,Minuman Serbuk Rasa,64.28571428571429,0.0,0.1428571428571428,0.937623297995092,-0.6493583970051195,0.1550394814404352,2,0,2
Nutrisari Madu Jeruk,0.0,0.0,9,0.015,1.0,11.0,Minuman Serbuk Rasa,81.81818181818183,0.0,0.1363636363636363,1.4857386596236677,-0.6493583970051195,0.1195402079171845,2,0,2
Tora Cafe Choco Latte,2.5,2.5,14,0.11,1.0,23.5,Minuman Serbuk Kopi,59.57446808510638,10.638297872340424,0.4680851063829787,0.7903361913636148,1.5672894367246029,1.933024372370908,1,2,-1
Nutrisari Markisa,0.0,0.0,11,0.05,1.0,11.0,Minuman Serbuk Rasa,100.0,0.0,0.4545454545454546,2.054154590201449,-0.6493583970051195,1.8590046105564704,2,2,-1
Nutrisari Sweet Orange,0.0,0.0,12,0.01,1.0,14.0,Minuman Serbuk Rasa,85.71428571428571,0.0,0.0714285714285714,1.6075420733189063,-0.6493583970051195,-0.2354525273153226,2,0,2
Nutrisari Anggur,0.0,0.0,8,0.02,1.0,11.0,Minuman Serbuk Rasa,72.72727272727273,0.0,0.1818181818181818,1.2015306943347766,-0.6493583970051195,0.3680351225799396,2,0,2
Nutrisari Jeju Orange,0.0,0.0,9,0.015,1.0,11.0,Minuman Serbuk Rasa,81.81818181818183,0.0,0.1363636363636363,1.4857386596236677,-0.6493583970051195,0.1195402079171845,2,0,2
Marimas Jambu Biji,0.0,0.0,2,0.065,1.0,6.0,Minuman Serbuk Rasa,33.33333333333333,0.0,1.0833333333333337,-0.0300371552504183,-0.6493583970051195,5.296517596724582,3,2,-1
Marimas Cincau,0.0,0.0,5,0.03,1.0,6.0,Minuman Serbuk Rasa,83.33333333333334,0.0,0.5,1.533106653838483,-0.6493583970051195,2.107499525219225,3,2,-1
Pop Ice Blueberry,1.5,1.5,18,0.06,1.0,23.0,Minuman Serbuk Mengandung Susu,78.26086956521739,6.521739130434782,0.2608695652173913,1.3745268471193188,0.709543101063971,0.8002001915586441,1,0,1
Pop Ice Es Doger,1.5,1.5,17,0.02,1.0,23.0,Minuman Serbuk Rasa,73.91304347826086,6.521739130434782,0.0869565217391304,1.2386012985028922,0.709543101063971,-0.1505629601945057,1,0,1
Pop Ice Sultan Cheesu Red Velvet,1.5,1.0,17,0.2,1.0,23.0,Minuman Serbuk Rasa,73.91304347826086,6.521739130434782,0.8695652173913043,1.2386012985028922,0.709543101063971,4.127871222694668,3,2,-1
Pop Ice Choco Cookies,2.5,2.0,16,0.05,1.0,23.0,Minuman Serbuk Rasa,69.56521739130434,10.869565217391305,0.217391304347826,1.1026757498864663,1.6154774331100317,0.5625094036203566,1,0,1
Anget Sari Wedang Jahe,0.0,0.0,21,0.035,1.0,27.5,Minuman Serbuk,76.36363636363637,0.0,0.1272727272727273,1.315213880450333,-0.6493583970051195,0.0698412249846336,2,0,2
Pop Ice Durian,2.5,2.0,17,0.05,1.0,23.0,Minuman Serbuk Rasa Susu,73.91304347826086,10.869565217391305,0.217391304347826,1.2386012985028922,1.6154774331100317,0.5625094036203566,1,0,1
Pop Ice Soursop,1.0,1.0,17,0.045,1.0,25.0,Minuman Serbuk Mengandung Susu,68.0,4.0,0.18,1.053742552384553,0.1841011884772561,0.3580953259934294,2,0,1
Pop Ice Coffee Moccacino,1.5,1.0,17,0.02,1.0,25.0,Minuman Serbuk Rasa,68.0,6.0,0.08,1.053742552384553,0.6008309812184439,-0.1885934862646316,2,0,1
Pop Ice Choco Cream,1.0,1.0,15,0.03,1.0,23.0,Minuman Serbuk Mengandung Susu,65.21739130434783,4.3478260869565215,0.1304347826086956,0.9667502012700404,0.2565759350409409,0.0871278277437817,2,0,1
Pop Ice Melon,1.0,1.0,19,0.03,1.0,23.0,Minuman Serbuk Mengandung Susu,82.6086956521739,4.3478260869565215,0.1304347826086956,1.5104523957357447,0.2565759350409409,0.0871278277437817,2,0,1
Pop Ice Cappuccino,2.0,1.5,16,0.015,1.0,23.0,Minuman Serbuk Rasa Susu,69.56521739130434,8.695652173913043,0.0652173913043478,1.1026757498864663,1.1625102670870011,-0.2694083541636494,1,0,1
Pop Ice Lychee,1.5,1.0,17,0.065,1.0,25.0,Minuman Serbuk Rasa,68.0,6.0,0.26,1.053742552384553,0.6008309812184439,0.7954463757998784,1,0,1
Pop Ice Kacang Hijau,2.0,2.0,20,0.04,1.0,25.0,Minuman Serbuk Mengandung Susu,80.0,8.0,0.16,1.428897066565889,1.0175607739596315,0.2487575635418172,1,0,1
Pop Ice Guava,1.0,1.0,17,0.06,1.0,25.0,Minuman Serbuk Rasa,68.0,4.0,0.24,1.053742552384553,0.1841011884772561,0.6861086133482661,2,0,1
Delizio Caffino Dark Cappuccino,2.5,2.0,12,0.045,1.0,25.0,Minuman Serbuk Kopi,48.0,10.0,0.18,0.4284850287489927,1.4342905667008194,0.3580953259934294,1,0,1
Delizio Caffino Kopi Latte Mocca,2.0,1.5,12,0.025,1.0,20.0,Minuman Serbuk Kopi,60.0,10.0,0.125,0.8036395429303289,1.4342905667008194,0.0574164792514958,1,0,1
Indocafe Coffeemix Mild,2.0,2.0,11,0.005,1.0,18.0,Minuman Serbuk Kopi,61.11111111111112,11.11111111111111,0.0277777777777777,0.8383760720211935,1.6658071182237015,-0.4740865326660636,1,0,1
Indocafe Cappuccino,2.5,2.5,14,0.01,1.0,25.0,Minuman Serbuk,56.00000000000001,10.0,0.04,0.678588038203217,1.4342905667008194,-0.4072690111678562,1,0,1
Indocafe Coffeemix,2.0,2.0,13,0.01,1.0,20.0,Minuman Serbuk,65.0,10.0,0.05,0.959953923839219,1.4342905667008194,-0.35260012994205,1,0,1
Tora Susu Kopi Susu Full Cream,3.0,2.5,18,0.07,1.0,31.0,Minuman Serbuk Kopi,58.06451612903226,9.67741935483871,0.2258064516129032,0.7431307503204361,1.367076084000628,0.6085140722535737,1,0,1
Tora Bika Creamy Latte,4.5,4.5,8,0.035,1.0,25.0,Minuman Serbuk Kopi,32.0,18.0,0.14,-0.0717209901594555,3.1012097376655707,0.139419801090205,1,0,-1
Nutrisari Wdank Bajigur Coconut Latte,4.0,3.0,7,0.2,1.0,15.0,Minuman Serbuk,46.66666666666666,26.666666666666668,1.3333333333333337,0.3868011938399552,4.907038839544051,6.663239627369736,3,2,-1
Lokalate Popcorn Latte,2.0,2.0,8,0.065,1.0,15.0,Minuman Serbuk Kopi,53.333333333333336,13.333333333333334,0.4333333333333333,0.5952203683851421,2.128840221269466,1.7430403170471842,1,2,-1
Lokalate Aren Latte,2.5,2.5,6,0.06,1.0,15.0,Minuman Serbuk Kopi,40.0,16.666666666666664,0.4,0.1783820192947685,2.8233898758381115,1.560810712961164,1,2,-1
Lokalate Tape Ketan Latte,2.0,2.0,9,0.05,1.0,15.0,Minuman Serbuk Kopi,60.0,13.333333333333334,0.3333333333333333,0.8036395429303289,2.128840221269466,1.1963515047891236,1,2,1
Lokalate Avocado Latte,2.0,2.0,7,0.03,1.0,15.0,Minuman Serbuk Kopi,46.66666666666666,13.333333333333334,0.2,0.3868011938399552,2.128840221269466,0.4674330884450417,1,0,1
Kopi Tubruk Gadjah Special Mix,0.5,0.0,17,0.0,1.0,23.0,Minuman Serbuk Kopi,73.91304347826086,2.1739130434782608,0.0,1.2386012985028922,-0.1963912309820893,-0.6259445360710806,2,0,2
Kopi Tubruk Gadjah Tubruk Manis,0.1,0.0,15,0.005,1.0,25.0,Minuman Serbuk Kopi,60.0,0.4,0.02,0.8036395429303289,-0.566012438456882,-0.5166067736194684,2,0,2
Tora Bika Cappuccino,2.5,2.5,15,0.03,1.0,25.0,Minuman Serbuk Kopi,60.0,10.0,0.12,0.8036395429303289,1.4342905667008194,0.0300820386385927,1,0,1
Yeo's Grass Jelly Drink,0.0,0.0,26,0.03,1.0,300.0,Minuman Cincau,8.666666666666668,0.0,0.0099999999999999,-0.8011881010676092,-0.6493583970051195,-0.5712756548452745,0,1,0
Sagiko Mixed Fruit Float,0.0,0.0,32,0.0,1.0,250.0,Minuman Buah,12.8,0.0,0.0,-0.6719682128495934,-0.6493583970051195,-0.6259445360710806,0,1,0
Sagiko Orange,0.0,0.0,30,0.0,1.0,250.0,Minuman Buah,12.0,0.0,0.0,-0.6969785137950159,-0.6493583970051195,-0.6259445360710806,0,1,0
Nutrisari Squeezed Orange Less Sugar,0.0,0.0,12,0.04,1.0,200.0,Minuman Buah,6.0,0.0,0.02,-0.8845557708856839,-0.6493583970051195,-0.5166067736194684,0,1,0
ABC Sari Kacang Hijau,0.0,0.0,15,0.065,1.0,250.0,Minuman Sari Kacang Hijau,6.0,0.0,0.026,-0.8845557708856839,-0.6493583970051195,-0.4838054448839846,0,1,0
Ultra Sari Asem Asli,0.0,0.0,28,0.1,1.0,250.0,Minuman Buah,11.2,0.0,0.04,-0.7219888147404382,-0.6493583970051195,-0.4072690111678562,0,1,0
Teh Kotak Apel,0.0,0.0,20,0.05,1.5,200.0,Minuman Teh,10.0,0.0,0.025,-0.7595042661585719,-0.6493583970051195,-0.4892723330065652,0,1,0
Teh Kotak Mangga,0.0,0.0,21,0.04,1.5,200.0,Minuman Teh,10.5,0.0,0.02,-0.743872828067683,-0.6493583970051195,-0.5166067736194684,0,1,0
Teh Kotak Leci,0.0,0.0,22,0.045,1.5,200.0,Minuman Teh,11.0,0.0,0.0225,-0.7282413899767939,-0.6493583970051195,-0.5029395533130168,0,1,0
Teh Kotak Blackcurrant,0.0,0.0,21,0.05,1.5,200.0,Minuman Teh,10.5,0.0,0.025,-0.743872828067683,-0.6493583970051195,-0.4892723330065652,0,1,0
Teh Kotak Melati,0.0,0.0,17,0.01,1.5,200.0,Minuman Teh,8.5,0.0,0.005,-0.8063985804312389,-0.6493583970051195,-0.5986100954581776,0,1,0
Teh Kotak Lemon,0.0,0.0,20,0.025,1.5,200.0,Minuman Teh,10.0,0.0,0.0125,-0.7595042661585719,-0.6493583970051195,-0.557608434538823,0,1,0
Alang Sari Cool,0.0,0.0,27,0.08,1.0,300.0,Suplemen Makanan,9.0,0.0,0.0266666666666666,-0.79076714234035,-0.6493583970051195,-0.4801608528022643,0,1,0
S-tee,0.0,0.0,12,0.02,2.0,195.0,Minuman Teh,6.153846153846154,0.0,0.0102564102564102,-0.8797460976269489,-0.6493583970051195,-0.5698738886599973,0,1,0
Ichi Ocha Honey Lemon Tea,0.0,0.0,25,0.02,1.0,350.0,Minuman Teh,7.142857142857142,0.0,0.0057142857142857,-0.8488267695350805,-0.6493583970051195,-0.59470517537062,0,1,0
Ichi Ocha Jasmine Tea,0.0,0.0,18,0.02,1.0,350.0,Minuman Teh,5.142857142857142,0.0,0.0057142857142857,-0.9113525218986366,-0.6493583970051195,-0.59470517537062,0,1,0
ABC Choco Malt Coffee,2.0,2.0,17,0.065,1.0,200.0,Minuman Kopi,8.5,1.0,0.0325,-0.8063985804312389,-0.4409935006345256,-0.4482706720872107,0,1,0
Nescafe Original,3.5,2.5,17,0.105,1.0,240.0,Minuman Kopi Susu,7.083333333333333,1.4583333333333333,0.04375,-0.8506876550220912,-0.3454929231313367,-0.3867681807081788,0,1,0
Nescafe Mocha,3.0,2.0,22,0.15,1.0,220.0,Minuman Kopi Susu,10.0,1.3636363636363635,0.0681818181818181,-0.7595042661585719,-0.3652244474088551,-0.253202164076948,0,1,0
Del Monte Red Velvet,3.5,3.0,23,0.17,1.0,240.0,Minuman Rasa,9.583333333333334,1.4583333333333333,0.0708333333333333,-0.7725304645676461,-0.3454929231313367,-0.2387066273882873,0,1,0
Del Monte Caramel Cheese,3.0,2.5,22,0.16,1.0,240.0,Minuman Kopi,9.166666666666666,1.25,0.0666666666666666,-0.7855566629767203,-0.3889022765418771,-0.2614853278990398,0,1,0
Del Monte Matcha,3.5,3.0,20,0.17,1.0,240.0,Minuman Teh Hijau Susu,8.333333333333332,1.4583333333333333,0.0708333333333333,-0.8116090597948686,-0.3454929231313367,-0.2387066273882873,0,1,0
Tong Tji Lemon Tea,0.0,0.0,22,0.01,1.0,30.0,Minuman Serbuk Teh,73.33333333333333,0.0,0.0333333333333333,1.2204778920207022,-0.6493583970051195,-0.4437149319850602,2,0,2
Tong Tji Teh Tarik,1.5,1.5,14,0.055,1.0,23.6,Minuman Serbuk Teh,59.32203389830508,6.3559322033898304,0.233050847457627,0.7824443726375979,0.674994757892723,0.6481183738523667,1,0,1
Luwak Collagen,2.0,2.0,18,0.01,1.0,25.0,Minuman Serbuk Kopi,72.0,8.0,0.04,1.178794057111665,1.0175607739596315,-0.4072690111678562,1,0,1
Olatte Rasa Susu dan Stroberi,2.0,1.0,14,0.03,1.0,240.0,Minuman Rasa,5.833333333333333,0.8333333333333334,0.0125,-0.8897662502493137,-0.4757209833629578,-0.557608434538823,0,1,0
Olatte Rasa Susu dan Pir,0.0,0.0,14,0.035,1.0,240.0,Minuman Rasa,5.833333333333333,0.0,0.0145833333333333,-0.8897662502493137,-0.6493583970051195,-0.5462190842834467,0,1,0
Teh Kotak Less Sugar,0.0,0.0,11,0.01,1.5,200.0,Minuman Teh,5.5,0.0,0.005,-0.900187208976573,-0.6493583970051195,-0.5986100954581776,0,1,0
Fruit Tea Freeze,0.0,0.0,15,0.06,2.0,250.0,Minuman Teh,6.0,0.0,0.0239999999999999,-0.8845557708856839,-0.6493583970051195,-0.494739221129146,0,1,0
Pororo Apple,0.0,0.0,28,0.03,1.0,235.0,Minuman Rasa Buah,11.914893617021278,0.0,0.0127659574468085,-0.6996391841083587,-0.6493583970051195,-0.5561544749317536,0,1,0
Pororo Strawberry,0.0,0.0,27,0.035,1.0,235.0,Minuman Rasa Buah,11.48936170212766,0.0,0.0148936170212765,-0.7129425356750727,-0.6493583970051195,-0.5445227980751991,0,1,0
Pororo Milk,0.0,0.0,27,0.03,1.0,235.0,Minuman Rasa Buah,11.48936170212766,0.0,0.0127659574468085,-0.7129425356750727,-0.6493583970051195,-0.5561544749317536,0,1,0
Pororo Mango,0.0,0.0,27,0.03,1.0,235.0,Minuman Rasa Buah,11.48936170212766,0.0,0.0127659574468085,-0.7129425356750727,-0.6493583970051195,-0.5561544749317536,0,1,0
Pororo Blueberry,0.0,0.0,26,0.035,1.0,235.0,Minuman Rasa Buah,11.063829787234042,0.0,0.0148936170212765,-0.7262458872417868,-0.6493583970051195,-0.5445227980751991,0,1,0
Groovy Root Brews,0.0,0.0,27,0.015,1.0,330.0,Minuman Berkarbonasi,8.181818181818182,0.0,0.0045454545454545,-0.8163458592163502,-0.6493583970051195,-0.6010950446048051,0,1,0
Teh Manis Bonteh,0.0,0.0,11,0.02,1.0,330.0,Minuman Teh,3.333333333333333,0.0,0.006060606060606,-0.9679234407037588,-0.6493583970051195,-0.5928118807827133,0,1,0
A&W Sarsaparila,0.0,0.0,12,0.01,1.0,250.0,Minuman Berkarbonasi,4.8,0.0,0.004,-0.9220712223038176,-0.6493583970051195,-0.6040769835807581,0,1,0
Nescafe Oat Latte,5.0,4.5,9,0.19,1.0,220.0,Minuman Kopi,4.090909090909091,2.272727272727273,0.0863636363636363,-0.9442394435963511,-0.1758018143446788,-0.153804198211846,0,1,0
Nescafe Coffee Cream,2.0,1.5,11,0.105,1.0,180.0,Minuman Kopi,6.111111111111111,1.1111111111111112,0.0583333333333333,-0.8810821179765975,-0.4178418454822374,-0.3070427289205449,0,1,0
Kapal Api Black Coffee,2.0,1.0,17,0.035,1.0,200.0,Minuman Kopi,8.5,1.0,0.0175,-0.8063985804312389,-0.4409935006345256,-0.5302739939259199,0,1,0
Kopiko Lucky Day,6.0,6.0,12,0.125,1.0,180.0,Minuman Kopi Susu,6.666666666666667,3.333333333333333,0.0694444444444444,-0.8637138534311652,0.0451912575635268,-0.2462995275585381,0,1,0
Sari Kurma TJ,0.0,0.0,24,0.005,1.0,250.0,Minuman Sari Kurma,9.6,0.0,0.002,-0.7720094166312831,-0.6493583970051195,-0.6150107598259194,0,1,0
Sidomuncul Kunyit Asam,0.0,0.0,0,0.07,1.0,25.0,Minuman untuk Kesehatan,0.0,0.0,0.28,-1.072133027976352,-0.6493583970051195,0.9047841382514908,0,1,-1
Kratingdaeng Super,0.0,0.0,0,0.1,1.0,150.0,Suplemen Makanan,0.0,0.0,0.0666666666666666,-1.072133027976352,-0.6493583970051195,-0.2614853278990398,0,1,0
Kratingdaeng Energy Drink,0.0,0.0,0,0.1,1.0,150.0,Suplemen Makanan,0.0,0.0,0.0666666666666666,-1.072133027976352,-0.6493583970051195,-0.2614853278990398,0,1,0
Zenlatte Matcha,1.0,1.0,15,0.015,1.0,20.0,Minuman Serbuk Teh,75.0,5.0,0.075,1.272582685656999,0.39246608484785,-0.2159279268775347,2,0,1
Zenlatte Thai Tea,3.0,3.0,16,0.02,1.0,27.0,Minuman Serbuk Teh,59.25925925925925,11.11111111111111,0.074074074074074,0.7804818568697524,1.6658071182237015,-0.2209898603243686,1,0,1
Nutrisari Orange,0.0,0.0,9,0.0,1.0,11.0,Minuman Serbuk Rasa,81.81818181818183,0.0,0.0,1.4857386596236677,-0.6493583970051195,-0.6259445360710806,2,0,2
Anget Sari Susu Jahe,0.0,0.0,20,0.07,1.0,25.0,Minuman Serbuk Instan,80.0,0.0,0.28,1.428897066565889,-0.6493583970051195,0.9047841382514908,2,0,2
Anget Sari Jahe Jeruk Nipis,0.0,0.0,28,0.015,1.0,30.0,Minuman Serbuk Instan,93.33333333333331,0.0,0.05,1.8457354156562624,-0.6493583970051195,-0.35260012994205,2,0,2
INTRA Serbat Wangi,0.0,0.0,18,0.065,1.0,21.5,Minuman Serbuk,83.72093023255815,0.0,0.3023255813953489,1.545224047707389,-0.6493583970051195,1.02683559401143,2,0,2
Sekoteng ABC,0.0,0.0,25,0.005,1.0,30.0,Minuman Serbuk,83.33333333333334,0.0,0.0166666666666666,1.533106653838483,-0.6493583970051195,-0.5348297340280704,2,0,2
Nutrisari Wdank Bandrek Ginger Palm Sugar,0.5,0.0,12,0.095,1.0,15.0,Minuman Serbuk,80.0,3.333333333333333,0.6333333333333333,1.428897066565889,0.0451912575635268,2.836417941563306,3,2,-1
Nutrisari Wdank Sereh Jahe Nipis,0.0,0.0,10,0.035,1.0,11.0,Minuman Serbuk,90.9090909090909,0.0,0.3181818181818182,1.7699466249125584,-0.6493583970051195,1.113519866568205,2,0,2
ABC Beras Kentjoer,0.0,0.0,19,0.055,1.0,23.0,Minuman Serbuk,82.6086956521739,0.0,0.2391304347826086,1.5104523957357447,-0.6493583970051195,0.6813547975895002,2,0,2
Sunquick Mango,0.0,0.0,12,0.01,1.0,100.0,Sirup Rasa,12.0,0.0,0.01,-0.6969785137950159,-0.6493583970051195,-0.5712756548452745,0,1,0
Sunquick Orange,0.0,0.0,12,0.02,1.0,100.0,Sirup Rasa,12.0,0.0,0.02,-0.6969785137950159,-0.6493583970051195,-0.5166067736194684,0,1,0
ABC Qahwa Kopi Susu Kurma,4.0,4.0,16,0.02,1.0,27.0,Minuman Serbuk Kopi,59.25925925925925,14.814814814814811,0.074074074074074,0.7804818568697524,2.4375289566333085,-0.2209898603243686,1,0,1
Delizio Caffino Brown Sugar,2.5,2.5,13,0.06,1.0,25.0,Minuman Serbuk Kopi,52.0,10.0,0.24,0.5535365334761048,1.4342905667008194,0.6861086133482661,1,0,1
Luwak White Koffie Premium,2.5,2.5,5,0.015,1.0,20.0,Minuman Serbuk Kopi,25.0,12.5,0.075,-0.2905611234319016,1.9552028076273045,-0.2159279268775347,1,0,-1
ABC Kopi Klepon,3.5,3.5,15,0.015,1.0,25.0,Minuman Serbuk Kopi,60.0,14.000000000000002,0.06,0.8036395429303289,2.2677501521831958,-0.2979312487162439,1,0,1
Good Day Coffee Freeze Mocafrio,3.5,3.5,21,0.005,1.0,30.0,Minuman Serbuk Kopi,70.0,11.666666666666666,0.0166666666666666,1.116268304748109,1.7815653939851426,-0.5348297340280704,1,0,1
Good Day Coffee Freeze Cookies N Cream,3.5,3.5,17,0.015,1.0,30.0,Minuman Serbuk Kopi,56.66666666666666,11.666666666666666,0.05,0.6994299556577355,1.7815653939851426,-0.35260012994205,1,0,1
Good Day Coffee Freeze Hazelnut Macchiato,3.5,3.5,19,0.015,1.0,30.0,Minuman Serbuk Kopi,63.33333333333333,11.666666666666666,0.05,0.907849130202922,1.7815653939851426,-0.35260012994205,1,0,1
Good Day Choco Nut,2.5,2.5,13,0.035,1.0,22.0,Minuman Serbuk Kopi,59.09090909090909,11.363636363636363,0.1590909090909091,0.7752187464014398,1.718424516297084,0.2437876652485621,1,0,1
Good Day Moca Caramel,2.5,2.5,14,0.04,1.0,22.0,Minuman Serbuk Kopi,63.63636363636363,11.363636363636363,0.1818181818181818,0.9173227290458852,1.718424516297084,0.3680351225799396,1,0,1
Chocolatos Creamy,1.5,1.5,9,0.04,1.5,15.0,Minuman Serbuk Rasa,60.0,10.0,0.2666666666666666,0.8036395429303289,1.4342905667008194,0.8318922966170824,1,0,1
Chocolatos Smooth Matcha,3.0,2.5,10,0.09,1.0,20.0,Minuman Serbuk Rasa,50.0,15.0,0.4499999999999999,0.4910107811125487,2.476115048553789,1.8341551190901944,1,2,-1
Hilo Calcium Chocolate Hazelnut,1.5,1.0,8,0.035,1.0,14.0,Minuman Serbuk Rasa,57.14285714285714,10.714285714285714,0.25,0.7143170395538202,1.583122635536958,0.7407774945740723,1,0,1
Hilo Calcium Choco Malt,1.0,1.0,8,0.085,1.0,14.0,Minuman Serbuk Rasa,57.14285714285714,7.142857142857142,0.6071428571428572,0.7143170395538202,0.8389622913562654,2.6932375383528626,3,2,-1
Diamond Juice Guava,0.0,0.0,20,0.015,1.0,200.0,Minuman Sari Buah,10.0,0.0,0.0075,-0.7595042661585719,-0.6493583970051195,-0.584942875151726,0,1,0
Diamond Juice Blueberry,0.0,0.0,17,0.01,1.0,200.0,Minuman Sari Buah,8.5,0.0,0.005,-0.8063985804312389,-0.6493583970051195,-0.5986100954581776,0,1,0
Nutrisari Jeruk Madu Less Sugar,0.0,0.0,14,0.04,1.0,200.0,Minuman Buah,7.000000000000001,0.0,0.02,-0.853292894703906,-0.6493583970051195,-0.5166067736194684,0,1,0
Country Choice Optimist Orange,0.0,0.0,20,0.06,1.0,250.0,Minuman Sari Buah,8.0,0.0,0.0239999999999999,-0.822030018522128,-0.6493583970051195,-0.494739221129146,0,1,0
Country Choice Guardian Red,0.0,0.0,21,0.06,1.0,250.0,Minuman Sari Buah,8.4,0.0,0.0239999999999999,-0.8095248680494168,-0.6493583970051195,-0.494739221129146,0,1,0
Country Choice Purify Green,0.0,0.0,20,0.06,1.0,250.0,Minuman Sari Buah,8.0,0.0,0.0239999999999999,-0.822030018522128,-0.6493583970051195,-0.494739221129146,0,1,0
Buavita Korean White Peach,0.0,0.0,20,0.07,1.0,245.0,Minuman Sari Buah,8.16326530612245,0.0,0.0285714285714285,-0.8169258754720418,-0.6493583970051195,-0.4697477325687774,0,1,0
Benecol Smoothie Orange,2.0,0.0,3,0.055,1.0,100.0,Minuman Rasa,3.0,2.0,0.055,-0.978344399431018,-0.2326286042639317,-0.3252656893291469,0,1,0
Benecol Smoothie Strawberry,2.0,0.0,4,0.055,1.0,100.0,Minuman Rasa,4.0,2.0,0.055,-0.94708152324924,-0.2326286042639317,-0.3252656893291469,0,1,0
Benecol Smoothie Blackcurrant,2.0,1.0,6,0.055,1.0,100.0,Minuman Rasa,6.0,2.0,0.055,-0.8845557708856839,-0.2326286042639317,-0.3252656893291469,0,1,0
Ichitan Thai Milk Coffee,5.0,1.5,17,0.14,1.0,250.0,Minuman Kopi Susu,6.800000000000001,2.0,0.056,-0.8595454699402616,-0.2326286042639317,-0.3197988012065663,0,1,0
Ichitan Thai Milk Green Tea,5.0,5.0,14,0.14,1.0,300.0,Minuman Teh Hijau Susu,4.666666666666667,1.6666666666666667,0.0466666666666666,-0.9262396057947212,-0.3020835697207963,-0.370823090350652,0,1,0
Ichitan Korean Banana Milk,4.5,2.5,21,0.15,1.0,250.0,Minuman Rasa Susu,8.4,1.7999999999999998,0.06,-0.8095248680494168,-0.2743015835380505,-0.2979312487162439,0,1,0
Ichitan Korean Strawberry Milk,3.5,3.5,17,0.21,1.0,250.0,Minuman Rasa Susu,6.800000000000001,1.4,0.0839999999999999,-0.8595454699402616,-0.357647542086288,-0.1667259337743093,0,1,0
Coca Cola Original,0.0,0.0,27,0.015,1.0,250.0,Minuman Berkarbonasi,10.8,0.0,0.0059999999999999,-0.7344939652131495,-0.6493583970051195,-0.5931432073355969,0,1,0
Kopi Kenangan Black Aren,3.5,2.5,14,0.2,1.0,220.0,Minuman Kopi,6.363636363636363,1.5909090909090908,0.0909090909090909,-0.8731874522741283,-0.317868789142811,-0.1289547067455704,0,1,0
Sidomuncul Cokelat Este Emje dengan Ginseng,3.5,1.5,16,0.045,1.0,30.0,Minuman Serbuk,53.333333333333336,11.666666666666666,0.15,0.5952203683851421,1.7815653939851426,0.194088682316011,1,0,1
Sidomuncul Original Este Emje dengan Ginseng,3.5,1.5,18,0.055,1.0,30.0,Minuman Serbuk,60.0,11.666666666666666,0.1833333333333333,0.8036395429303289,1.7815653939851426,0.3763182864020314,1,0,1
Sidomuncul Coffee Este Emje dengan Ginseng,3.0,1.5,18,0.045,1.0,30.0,Minuman Serbuk,60.0,10.0,0.15,0.8036395429303289,1.4342905667008194,0.194088682316011,1,0,1
Nutrisari Milky Peach,0.0,0.0,9,0.055,1.0,11.0,Minuman Serbuk Rasa,81.81818181818183,0.0,0.5,1.4857386596236677,-0.6493583970051195,2.107499525219225,3,2,-1
Nutrisari Jeruk Nipis,0.0,0.0,9,0.025,1.0,11.0,Minuman Serbuk Rasa,81.81818181818183,0.0,0.2272727272727273,1.4857386596236677,-0.6493583970051195,0.6165300372426948,2,0,2
Nutrisari Dondong,0.0,0.0,7,0.12,1.0,14.0,Minuman Serbuk Rasa,50.0,0.0,0.8571428571428572,0.4910107811125487,-0.6493583970051195,4.059959568998015,3,2,-1
Nutrisari Es Kuwut Nipis,0.0,0.0,9,0.085,1.0,11.0,Minuman Serbuk Rasa,81.81818181818183,0.0,0.7727272727272727,1.4857386596236677,-0.6493583970051195,3.5984690131957557,3,2,-1
Nutrisari Florida Orange,0.0,0.0,9,0.02,1.0,11.0,Minuman Serbuk Rasa,81.81818181818183,0.0,0.1818181818181818,1.4857386596236677,-0.6493583970051195,0.3680351225799396,2,0,2
Pop Ice Chocolate,1.0,1.0,17,0.04,1.0,24.0,Minuman Serbuk Rasa,70.83333333333334,4.166666666666666,0.1666666666666666,1.1423207015662578,0.2188286712056882,0.2852034843590214,2,0,1
Pop Ice Strawberry,1.0,1.0,16,0.02,1.0,23.0,Minuman Serbuk Rasa,69.56521739130434,4.3478260869565215,0.0869565217391304,1.1026757498864663,0.2565759350409409,-0.1505629601945057,2,0,1
Pop Ice Vanilla Blue,1.5,1.5,16,0.05,1.0,25.0,Minuman Serbuk Mengandung Susu,64.0,6.0,0.2,0.9286910476574408,0.6008309812184439,0.4674330884450417,1,0,1
Pop Ice Vanilla Latte,1.5,1.5,16,0.015,1.0,25.0,Minuman Serbuk Rasa,64.0,6.0,0.06,0.9286910476574408,0.6008309812184439,-0.2979312487162439,2,0,1
ABC Squash Delight Jeruk Florida,0.0,0.0,6,0.05,15.5,29.0,Squash Berperisa,20.689655172413797,0.0,0.1724137931034483,-0.4253149000774965,-0.6493583970051195,0.3166223816152317,0,1,0
Marjan Squash Cocopandan,0.0,0.0,13,0.025,15.0,30.0,Squash Berperisa,43.333333333333336,0.0,0.0833333333333333,0.282591606567362,-0.6493583970051195,-0.1703705258560296,2,1,-1
Marjan Squash Strawberry,0.0,0.0,12,0.025,15.0,30.0,Squash Berperisa,40.0,0.0,0.0833333333333333,0.1783820192947685,-0.6493583970051195,-0.1703705258560296,0,1,-1
Marjan Squash Mango,0.0,0.0,13,0.03,15.0,30.0,Squash Berperisa,43.333333333333336,0.0,0.1,0.282591606567362,-0.6493583970051195,-0.0792557238130194,2,1,-1
Marjan Boudoin Melon,0.0,0.0,21,0.01,15.0,30.0,Sirup Rasa,70.0,0.0,0.0333333333333333,1.116268304748109,-0.6493583970051195,-0.4437149319850602,2,0,2
Marjan Boudoin Cocopandan,0.0,0.0,21,0.005,15.0,30.0,Sirup Rasa,70.0,0.0,0.0166666666666666,1.116268304748109,-0.6493583970051195,-0.5348297340280704,2,0,2
Marjan Boudoin Stroberi,0.0,0.0,21,0.01,15.0,30.0,Sirup Rasa,70.0,0.0,0.0333333333333333,1.116268304748109,-0.6493583970051195,-0.4437149319850602,2,0,2
Tropicana Slim Sirup Rasa Lychee,0.0,0.0,0,0.01,30.0,25.0,Sirup Rasa,0.0,0.0,0.04,-1.072133027976352,-0.6493583970051195,-0.4072690111678562,0,1,0
Tropicana Slim Sirup Rasa Orange,0.0,0.0,0,0.015,30.0,25.0,Sirup Rasa,0.0,0.0,0.06,-1.072133027976352,-0.6493583970051195,-0.2979312487162439,0,1,0
Tropicana Slim Sirup Rasa Cocopandan,0.0,0.0,0,0.005,30.0,25.0,Sirup Rasa,0.0,0.0,0.02,-1.072133027976352,-0.6493583970051195,-0.5166067736194684,0,1,0
Excelso Robusta Gold,1.0,0.0,0,0.0,20.0,10.0,Minuman Serbuk Kopi,0.0,10.0,0.0,-1.072133027976352,1.4342905667008194,-0.6259445360710806,0,0,-1
Excelso Arabica Gold,1.5,0.5,0,0.0,20.0,10.0,Minuman Serbuk Kopi,0.0,15.0,0.0,-1.072133027976352,2.476115048553789,-0.6259445360710806,1,0,-1
Indocafe Original Bland,0.0,0.0,0,0.0,1.0,2.0,Minuman Serbuk Kopi,0.0,0.0,0.0,-1.072133027976352,-0.6493583970051195,-0.6259445360710806,0,1,0
Kapal Api Special,0.5,0.0,0,0.0,10.0,6.5,Minuman Serbuk Kopi,0.0,7.6923076923076925,0.0,-1.072133027976352,0.953448498153295,-0.6259445360710806,0,0,-1
Kapal Api Lampung,1.0,0.0,0,0.0,21.5,7.0,Minuman Serbuk Kopi,0.0,14.285714285714285,0.0,-1.072133027976352,2.3272829797176504,-0.6259445360710806,1,0,-1
Kapal Api One Kopi + Gula,0.5,0.0,17,0.0,1.0,23.0,Minuman Serbuk Kopi,73.91304347826086,2.1739130434782608,0.0,1.2386012985028922,-0.1963912309820893,-0.6259445360710806,2,0,2
