Nama Produk,Lemak Total (g),Lemak Jenuh (g),Gula (g),Natrium (g),Sajian per Kemasan,Takaran Saji,Kategori,Gula (g) per 100 ml,Lemak Total (g) per 100 ml,Natrium (g) per 100 ml,Gula (g) per 100 ml_scaled,Lemak Total (g) per 100 ml_scaled,Natrium (g) per 100 ml_scaled
Pocari Sweat,0.0,0.0,14,0.12,1.5,250.0,Minuman Isotonik,5.6000000000000005,0.0,0.047999999999999994,-0.8970609213583951,-0.6493583970051195,-0.36353390618721126
Isoplus,0.0,0.0,10,0.085,2.0,175.0,Minuman Isotonik,5.714285714285714,0.0,0.04857142857142858,-0.8934880212233348,-0.6493583970051195,-0.36040997011716513
Le Minerale,0.0,0.0,0,0.02,2.0,330.0,Air Mineral,0.0,0.0,0.006060606060606061,-1.0721330279763521,-0.6493583970051195,-0.5928118807827133
MIZONE White Isotonic Active,0.0,0.0,8,0.065,2.0,500.0,Minuman Isotonik,1.6,0.0,0.013000000000000001,-1.0221124260855072,-0.6493583970051195,-0.5548749904775326
You C1000 Vitamin Mango,0.0,0.0,20,0.055,1.0,140.0,Minuman Soda,14.285714285714285,0.0,0.039285714285714285,-0.625520511093809,-0.6493583970051195,-0.41117393125541374
Cool Time Coconut Water,0.0,0.0,12,0.045,2.0,200.0,Minuman Sari Buah,6.0,0.0,0.0225,-0.8845557708856839,-0.6493583970051195,-0.5029395533130168
Adem Sari Ching Ku Herbal Lemon,0.0,0.0,16,0.095,1.5,250.0,Minuman Berperisa,6.4,0.0,0.038,-0.8720506204129729,-0.6493583970051195,-0.4182027874130174
Buavita Jambu,0.0,0.0,20,0.075,1.0,245.0,Minuman Sari Buah,8.16326530612245,0.0,0.030612244897959183,-0.8169258754720418,-0.6493583970051195,-0.4585908180328987
Buavita Mangga,0.0,0.0,20,0.085,1.0,245.0,Minuman Sari Buah,8.16326530612245,0.0,0.03469387755102041,-0.8169258754720418,-0.6493583970051195,-0.43627698896114103
Buavita Jeruk,0.0,0.0,21,0.015,1.0,245.0,Minuman Sari Buah,8.571428571428571,0.0,0.006122448979591836,-0.8041655178468263,-0.6493583970051195,-0.5924737924634442
Buavita Leci,0.0,0.0,20,0.055,1.0,245.0,Minuman Sari Buah,8.16326530612245,0.0,0.022448979591836733,-0.8169258754720418,-0.6493583970051195,-0.5032184761764138
Fruit Tea Apel,0.0,0.0,22,0.06,1.0,200.0,Minuman Teh,11.0,0.0,0.03,-0.7282413899767939,-0.6493583970051195,-0.4619378923936623
Tehbotol Sosro Original,0.0,0.0,16,0.025,1.5,225.0,Minuman Teh,7.111111111111111,0.0,0.011111111111111112,-0.8498192417948195,-0.6493583970051195,-0.5652013347090739
Fruit Tea Lemon,0.0,0.0,16,0.085,1.5,250.0,Minuman Teh,6.4,0.0,0.034,-0.8720506204129729,-0.6493583970051195,-0.4400703399033398
NU Choco Hazeltea,2.0,2.0,17,0.06,1.5,200.0,Minuman Teh,8.5,1.0,0.03,-0.8063985804312389,-0.4409935006345256,-0.4619378923936623
NU Milk Tea,3.5,3.5,16,0.14,1.5,200.0,Minuman Teh,8.0,1.7500000000000002,0.07,-0.822030018522128,-0.28471982835658016,-0.24326236749043778
NU Teh Tarik,3.5,3.0,14,0.13,1.5,200.0,Minuman Teh,7.000000000000001,1.7500000000000002,0.065,-0.853292894703906,-0.28471982835658016,-0.27059680810334086
Thai Milk Coffee,5.0,1.5,17,0.14,1.0,250.0,Minuman Kopi,6.800000000000001,2.0,0.05600000000000001,-0.8595454699402616,-0.2326286042639317,-0.31979880120656634
Ichitan Brown Sugar Milk,5.0,4.0,15,0.13,1.0,300.0,Minuman Rasa,5.0,1.6666666666666667,0.043333333333333335,-0.915818647067462,-0.3020835697207963,-0.3890460507592541
Ichitan Thai Milk Tea,5.0,5.0,17,0.13,1.0,300.0,Minuman Teh,5.666666666666666,1.6666666666666667,0.043333333333333335,-0.8949767296129434,-0.3020835697207963,-0.3890460507592541
Teh Pucuk Harum,0.0,0.0,18,0.01,1.5,240.0,Minuman Teh,7.5,0.0,0.004166666666666667,-0.8376614566130169,-0.6493583970051195,-0.6031658355603281
Frestea Lemon,0.0,0.0,12,0.015,1.5,250.0,Minuman Teh,4.8,0.0,0.005999999999999999,-0.9220712223038176,-0.6493583970051195,-0.5931432073355969
Frestea Melati,0.0,0.0,15,0.015,2.0,250.0,Minuman Teh,6.0,0.0,0.005999999999999999,-0.8845557708856839,-0.6493583970051195,-0.5931432073355969
Frestea Apel,0.0,0.0,19,0.03,1.5,250.0,Minuman Teh,7.6,0.0,0.011999999999999999,-0.8345351689948391,-0.6493583970051195,-0.5603418786001133
Frestea Mariksa,0.0,0.0,20,0.02,1.5,250.0,Minuman Teh,8.0,0.0,0.008,-0.822030018522128,-0.6493583970051195,-0.5822094310904358
Teh Pucuk Harum Less Sugar,0.0,0.0,12,0.01,1.5,240.0,Minuman Teh,5.0,0.0,0.004166666666666667,-0.915818647067462,-0.6493583970051195,-0.6031658355603281
Minute Maid Pulpy 4x Extra Vit C,0.0,0.0,27,0.045,3.0,300.0,Minuman Buah,9.0,0.0,0.015,-0.79076714234035,-0.6493583970051195,-0.5439412142323714
Nutriboost Stroberi,2.0,1.0,23,0.125,1.0,250.0,Minuman Mengandung Susu,9.2,0.8,0.05,-0.7845145671039944,-0.4826664799086443,-0.35260012994205003
Nutriboost Jeruk,2.0,1.0,22,0.125,1.0,250.0,Minuman Mengandung Susu,8.799999999999999,0.8,0.05,-0.7970197175767056,-0.4826664799086443,-0.35260012994205003
Coca Cola Zero Sugar,0.0,0.0,0,0.02,1.5,250.0,Minuman Berkarbonasi,0.0,0.0,0.008,-1.0721330279763521,-0.6493583970051195,-0.5822094310904358
Fanta Jeruk,0.0,0.0,11,0.05,1.5,250.0,Minuman Berkarbonasi,4.3999999999999995,0.0,0.02,-0.9345763727765288,-0.6493583970051195,-0.5166067736194684
Fanta Stroberi,0.0,0.0,11,0.025,1.5,250.0,Minuman Berkarbonasi,4.3999999999999995,0.0,0.01,-0.9345763727765288,-0.6493583970051195,-0.5712756548452745
Sprite Lemon & Jeruk Nipis,0.0,0.0,12,0.04,1.5,250.0,Minuman Berkarbonasi,4.8,0.0,0.016,-0.9220712223038176,-0.6493583970051195,-0.5384743261097908
Fanta Minuman Air Soda,0.0,0.0,0,0.01,1.0,250.0,Air Soda,0.0,0.0,0.004,-1.0721330279763521,-0.6493583970051195,-0.6040769835807581
Nipis Madu Lime Soda,0.0,0.0,22,0.075,1.5,240.0,Minuman Berkarbonasi,9.166666666666666,0.0,0.03125,-0.7855566629767203,-0.6493583970051195,-0.4551042822404365
Floridina Orange Coco,0.0,0.0,21,0.025,2.0,175.0,Minuman Rasa,12.0,0.0,0.014285714285714287,-0.6969785137950159,-0.6493583970051195,-0.547846134319929
Good Day Original Cappuccino,4.0,4.0,24,0.04,1.0,250.0,Minuman Kopi,9.6,1.6,0.016,-0.7720094166312831,-0.31597456281216924,-0.5384743261097908
Good Day Funtastic Mocacinno,2.5,2.5,23,0.08,1.0,250.0,Minuman Kopi,9.2,1.0,0.032,-0.7845145671039944,-0.4409935006345256,-0.45100411614850106
Golda Coffee Cappuccino,5.0,5.0,19,0.08,1.0,200.0,Minuman Kopi,9.5,2.5,0.04,-0.7751357042494609,-0.12844615607863477,-0.4072690111678562
Good Day Avocado Delight,0.0,0.0,23,0.075,1.0,250.0,Minuman Kopi,9.2,0.0,0.03,-0.7845145671039944,-0.6493583970051195,-0.4619378923936623
Grass Jelly,0.0,0.0,23,0.055,1.0,310.0,Minuman Cincau,7.419354838709677,0.0,0.017741935483870968,-0.8401826563050959,-0.6493583970051195,-0.5289513597027149
Cincau Selasih,0.0,0.0,25,0.025,1.0,310.0,Minuman Cincau,8.064516129032258,0.0,0.008064516129032258,-0.8200130587684649,-0.6493583970051195,-0.5818567286309143
You C1000 Vitamin Apple,0.0,0.0,14,0.045,1.0,140.0,Minuman Soda,10.0,0.0,0.03214285714285714,-0.7595042661585719,-0.6493583970051195,-0.4502231321309895
You C1000 Vitamin Lemon,0.0,0.0,16,0.1,1.0,140.0,Minuman Soda,11.428571428571429,0.0,0.07142857142857142,-0.7148430144703175,-0.6493583970051195,-0.23545252731532268
You C1000 Vitamin Orange,0.0,0.0,20,0.06,1.0,140.0,Minuman Soda,14.285714285714285,0.0,0.04285714285714286,-0.625520511093809,-0.6493583970051195,-0.3916493308176258
Kratingdaeng Red Bull,0.0,0.0,0,0.0,1.0,250.0,Suplemen Makanan,0.0,0.0,0.0,-1.0721330279763521,-0.6493583970051195,-0.6259445360710806
Mr Jussie Susu Cokelat,0.0,0.0,8,0.045,1.0,90.0,Minuman Rasa Susu,8.88888888888889,0.0,0.05,-0.7942407952494364,-0.6493583970051195,-0.35260012994205003
Mr Jussie Fruity Jeruk,0.0,0.0,9,0.025,1.0,90.0,Minuman Rasa Susu,10.0,0.0,0.027777777777777776,-0.7595042661585719,-0.6493583970051195,-0.47408653266606365
Mr Jussie Milky Stroberi,0.0,0.0,10,0.02,1.0,90.0,Minuman Rasa Susu,11.11111111111111,0.0,0.022222222222222223,-0.7247677370677075,-0.6493583970051195,-0.504458133347067
Mr Jussie Milky Anggur,0.0,0.0,9,0.025,1.0,90.0,Minuman Rasa Susu,10.0,0.0,0.027777777777777776,-0.7595042661585719,-0.6493583970051195,-0.47408653266606365
Tropicana Slim Almond Drink Chocolicious,3.0,0.5,0,0.09,1.0,190.0,Minuman Almond,0.0,1.5789473684210527,0.047368421052631574,-1.0721330279763521,-0.3203611922094449,-0.36698667763305165
Tropicana Slim Oat Drink Japanese Cantaloupe Melon,3.0,1.0,0,0.125,1.0,190.0,Minuman Oat,0.0,1.5789473684210527,0.06578947368421052,-1.0721330279763521,-0.3203611922094449,-0.2662808437960404
Tropicana Slim Collagen Shot Peach Blossom,0.0,0.0,5,0.025,1.0,190.0,Minuman Rasa,2.631578947368421,0.0,0.013157894736842105,-0.9898623011821994,-0.6493583970051195,-0.5540117976160726
Tropicana Slim Oat Drink Vanillicious,2.5,1.5,0,0.07,1.0,190.0,Minuman Oat,0.0,1.3157894736842104,0.0368421052631579,-1.0721330279763521,-0.3751940596753907,-0.42453286839705806
Oatside Barista Blend,6.0,0.5,6,0.08,1.0,200.0,Minuman Oat,3.0,3.0,0.04,-0.978344399431018,-0.024263707893337812,-0.4072690111678562
Oatside Chocolate,6.0,1.0,10,0.09,1.0,200.0,Minuman Oat,5.0,3.0,0.045,-0.915818647067462,-0.024263707893337812,-0.3799345705549531
Oatside Mocha,6.0,0.0,14,0.08,1.0,200.0,Minuman Oat,7.000000000000001,3.0,0.04,-0.853292894703906,-0.024263707893337812,-0.4072690111678562
Oatside Caramel Macchiato,6.0,0.0,14,0.08,1.0,200.0,Minuman Oat,7.000000000000001,3.0,0.04,-0.853292894703906,-0.024263707893337812,-0.4072690111678562
Oatside Coffee,7.0,0.5,12,0.09,1.0,200.0,Minuman Oat,6.0,3.5000000000000004,0.045,-0.8845557708856839,0.07991874029195922,-0.3799345705549531
Luwak White Koffie Original,1.5,1.5,12,0.015,1.0,20.0,Minuman Serbuk Kopi,60.0,7.5,0.075,0.8036395429303289,0.9133783257743349,-0.21592792687753476
Kopi Kenangan Kopi Susu Alpukat,3.0,3.0,20,0.16,1.0,220.0,Minuman Kopi,9.090909090909092,1.3636363636363635,0.07272727272727274,-0.787925062687461,-0.3652244474088551,-0.22835267261067246
Kopi Kenangan Cappucino Mantancino,3.5,3.5,20,0.18,1.0,220.0,Minuman Kopi,9.090909090909092,1.5909090909090908,0.08181818181818182,-0.787925062687461,-0.317868789142811,-0.1786536896781215
Kopi Kenangan Original Black Coffee,0.0,0.0,13,0.06,1.0,220.0,Minuman Kopi,5.909090909090909,0.0,0.027272727272727275,-0.8873978505385729,-0.6493583970051195,-0.4768475872734276
Green Sands Original Lime & Apple,0.0,0.0,19,0.03,1.0,250.0,Minuman Berkarbonasi,7.6,0.0,0.011999999999999999,-0.8345351689948391,-0.6493583970051195,-0.5603418786001133
Bintang 00,0.0,0.0,14,0.025,1.5,250.0,Minuman Malt,5.6000000000000005,0.0,0.01,-0.8970609213583951,-0.6493583970051195,-0.5712756548452745
Nescafe Latte,3.0,3.5,16,0.115,1.0,220.0,Minuman Kopi Susu,7.2727272727272725,1.3636363636363635,0.052272727272727276,-0.8447666557452392,-0.3652244474088551,-0.34017538420891225
Nescafe Caramel Macchiato,3.0,3.0,16,0.115,1.0,220.0,Minuman Kopi Susu,7.2727272727272725,1.3636363636363635,0.052272727272727276,-0.8447666557452392,-0.3652244474088551,-0.34017538420891225
Nescafe Cappuccino,4.0,3.5,14,0.13,1.0,220.0,Minuman Kopi Susu,6.363636363636363,1.8181818181818181,0.0590909090909091,-0.8731874522741283,-0.270513130876767,-0.302901147009499
Thai Milk Green Tea,5.0,5.0,14,0.14,1.0,250.0,Minuman Teh HIjau Susu,5.6000000000000005,2.0,0.05600000000000001,-0.8970609213583951,-0.2326286042639317,-0.31979880120656634
Tropicana Slim Sweetener Classic,0.0,0.0,0,0.0,25.0,2.5,Sediaan Pemanis,0.0,0.0,0.0,-1.0721330279763521,-0.6493583970051195,-0.6259445360710806
SariWangi SariMurni,0.0,0.0,0,0.0,1.8,20.0,Teh Celup,0.0,0.0,0.0,-1.0721330279763521,-0.6493583970051195,-0.6259445360710806
Nutrisari Lemon Tea,0.0,0.0,9,0.025,1.0,11.0,Minuman Serbuk Teh,81.81818181818183,0.0,0.2272727272727273,1.4857386596236677,-0.6493583970051195,0.6165300372426948
Nutrisari Lychee Tea,0.0,0.0,9,0.03,1.0,11.0,Minuman Serbuk Teh,81.81818181818183,0.0,0.2727272727272727,1.4857386596236677,-0.6493583970051195,0.8650249519054497
Max Tea Lemon Tea,0.0,0.0,24,0.0,1.0,25.0,Minuman Serbuk Teh,96.0,0.0,0.0,1.9291030854743374,-0.6493583970051195,-0.6259445360710806
Max Tea Tarik Jahe,3.0,3.0,15,0.015,1.0,25.0,Minuman Serbuk Teh,60.0,12.0,0.06,0.8036395429303289,1.8510203594420074,-0.29793124871624393
Max Tea Tarik,3.0,3.0,13,0.01,5.0,25.0,Minuman Serbuk Teh,52.0,12.0,0.04,0.5535365334761048,1.8510203594420074,-0.4072690111678562
Hilo Calcium Teh Tarik,1.5,1.5,9,0.06,1.0,15.0,Minuman Serbuk Rasa,60.0,10.0,0.4,0.8036395429303289,1.4342905667008194,1.5608107129611641
Teh Poci Teh Tarik Gula Aren,3.0,3.0,17,0.16,1.0,25.0,Minuman Serbuk Rasa,68.0,12.0,0.64,1.053742552384553,1.8510203594420074,2.8728638623805103
Teh Poci Pandan Vanilla,0.0,0.0,19,0.0,1.0,24.0,Minuman Serbuk Rasa,79.16666666666666,0.0,0.0,1.4028446697477406,-0.6493583970051195,-0.6259445360710806
Nutrisari Cocopandan,0.0,0.0,9,0.06,1.0,11.0,Minuman Serbuk Rasa,81.81818181818183,0.0,0.5454545454545454,1.4857386596236677,-0.6493583970051195,2.35599443988198
Nutrisari Jeruk Maroko,0.0,0.0,10,0.015,1.0,11.0,Minuman Serbuk Rasa,90.9090909090909,0.0,0.13636363636363635,1.7699466249125584,-0.6493583970051195,0.11954020791718452
Nutrisari Anggur Hijau,0.0,0.0,10,0.035,1.0,11.0,Minuman Serbuk Rasa,90.9090909090909,0.0,0.3181818181818182,1.7699466249125584,-0.6493583970051195,1.113519866568205
Nutrisari Es Cincau,0.0,0.0,10,0.015,1.0,11.0,Minuman Serbuk Rasa,90.9090909090909,0.0,0.13636363636363635,1.7699466249125584,-0.6493583970051195,0.11954020791718452
Nutrisari Milky Orange,0.0,0.0,8,0.06,1.0,11.0,Minuman Serbuk Rasa,72.72727272727273,0.0,0.5454545454545454,1.2015306943347766,-0.6493583970051195,2.35599443988198
Nutrisari Blewah,0.0,0.0,9,0.005,1.0,11.0,Minuman Serbuk Rasa,81.81818181818183,0.0,0.045454545454545456,1.4857386596236677,-0.6493583970051195,-0.37744962140832555
Nutrisari Semangka,0.0,0.0,10,0.005,1.0,11.0,Minuman Serbuk Rasa,90.9090909090909,0.0,0.045454545454545456,1.7699466249125584,-0.6493583970051195,-0.37744962140832555
Nutrisari Isotonik,0.0,0.0,10,0.07,1.0,11.0,Minuman Serbuk Rasa,90.9090909090909,0.0,0.6363636363636364,1.7699466249125584,-0.6493583970051195,2.85298426920749
Nutrisari Gula Asem,0.0,0.0,9,0.115,1.0,11.0,Minuman Serbuk Rasa,81.81818181818183,0.0,1.0454545454545454,1.4857386596236677,-0.6493583970051195,5.089438501172285
Nutrisari Sweet Guava,0.0,0.0,9,0.01,1.0,11.0,Minuman Serbuk Rasa,81.81818181818183,0.0,0.09090909090909091,1.4857386596236677,-0.6493583970051195,-0.12895470674557047
Nutrisari Belimbing,0.0,0.0,4,0.03,1.0,6.0,Minuman Serbuk Rasa,66.66666666666666,0.0,0.5,1.0120587174755153,-0.6493583970051195,2.1074995252192252
Adem Sari Madu Lemon Tea,0.0,0.0,15,0.035,2.0,175.0,Minuman Berperisa,8.571428571428571,0.0,0.02,-0.8041655178468263,-0.6493583970051195,-0.5166067736194684
Adem Sari Sparkling,0.0,0.0,23,0.095,1.5,250.0,Minuman Berkarbonasi,9.2,0.0,0.038,-0.7845145671039944,-0.6493583970051195,-0.4182027874130174
Cap Panda Cincau Selasih,0.0,0.0,25,0.025,1.0,310.0,MInuman Cincau,8.064516129032258,0.0,0.008064516129032258,-0.8200130587684649,-0.6493583970051195,-0.5818567286309143
Cap Panda Cincau,0.0,0.0,23,0.055,1.0,310.0,MInuman Cincau,7.419354838709677,0.0,0.017741935483870968,-0.8401826563050959,-0.6493583970051195,-0.5289513597027149
Tora Cafe Iced Cappuccino,3.5,3.0,14,0.15,1.0,180.0,Minuman Kopi,7.777777777777778,1.9444444444444444,0.08333333333333333,-0.8289773243403008,-0.24420443184007581,-0.1703705258560297
Tora Cafe Iced Milky Latte,3.5,3.5,9,0.29,1.0,180.0,Minuman Kopi,5.0,1.9444444444444444,0.1611111111111111,-0.915818647067462,-0.24420443184007581,0.2548318836780178
Golda Coffee Dolce Latte,2.5,2.0,15,0.105,1.0,200.0,Minuman Kopi,7.5,1.25,0.0525,-0.8376614566130169,-0.38890227654187715,-0.3389329096355985
ABC Kopi Susu,2.5,2.5,17,0.105,1.0,200.0,Minuman Kopi,8.5,1.25,0.0525,-0.8063985804312389,-0.38890227654187715,-0.3389329096355985
Kopiko Coffee Latte,2.5,2.0,20,0.11,1.0,240.0,Minuman Kopi,8.333333333333332,1.0416666666666665,0.04583333333333333,-0.8116090597948686,-0.43231162995241756,-0.3753788304528026
Good Day Tiramisu Bliss,3.0,3.0,22,0.08,1.0,250.0,Minuman Kopi,8.799999999999999,1.2,0.032,-0.7970197175767056,-0.39932052136040685,-0.45100411614850106
Delizio Caffino Oat Cappuccino,2.5,2.5,15,0.12,1.0,200.0,Minuman Kopi,7.5,1.25,0.06,-0.8376614566130169,-0.38890227654187715,-0.29793124871624393
Chocolatos,2.0,2.0,13,0.085,1.0,180.0,Minuman Rasa Cokelat,7.222222222222221,1.1111111111111112,0.04722222222222222,-0.8463455888857331,-0.4178418454822374,-0.36778593028255174
Kapal Api Original Black Coffee,0.0,0.0,18,0.03,1.0,200.0,Minuman Kopi,9.0,0.0,0.015,-0.79076714234035,-0.6493583970051195,-0.5439412142323714
Chocolatos Rasa Cokelat,1.5,1.5,16,0.6,1.0,150.0,Minuman Rasa Cokelat,10.666666666666668,1.0,0.4,-0.7386623487040532,-0.4409935006345256,1.5608107129611641
Milo,4.0,2.5,13,0.075,1.0,220.0,Minuman Cokelat,5.909090909090909,1.8181818181818181,0.03409090909090909,-0.8873978505385729,-0.270513130876767,-0.4395733500740143
Nescafe Coconut Latte,4.5,4.0,14,0.15,1.0,220.0,Minuman Kopi Susu,6.363636363636363,2.0454545454545454,0.06818181818181818,-0.8731874522741283,-0.2231574726107229,-0.25320216407694807
Tebs Sparkling Tea,0.0,0.0,31,0.075,1.0,330.0,Minuman Teh,9.393939393939393,0.0,0.022727272727272728,-0.778451463844498,-0.6493583970051195,-0.5016970787397032
Oronamin C Drink,0.0,0.0,19,0.0,1.0,120.0,Suplemen Makanan,15.833333333333332,0.0,0.0,-0.5771374884315336,-0.6493583970051195,-0.6259445360710806
Fibe Mini Rich in Fiber,0.0,0.0,9,0.02,1.0,100.0,Minuman Berperisa,9.0,0.0,0.02,-0.79076714234035,-0.6493583970051195,-0.5166067736194684
Benecol Lychee,2.0,0.0,6,0.055,1.0,100.0,Minuman Rasa,6.0,2.0,0.055,-0.8845557708856839,-0.2326286042639317,-0.32526568932914696
Hydro Coco Vita-D,0.0,0.0,9,0.15,1.0,330.0,Minuman Air Kelapa,2.727272727272727,0.0,0.045454545454545456,-0.9868706383896848,-0.6493583970051195,-0.37744962140832555
Hydro Coco Original,0.0,0.0,7,0.105,2.0,250.0,Minuman Air Kelapa,2.8000000000000003,0.0,0.041999999999999996,-0.9845969746673736,-0.6493583970051195,-0.39633523492269496
Pocari Sweat Low Calorie,0.0,0.0,9,0.13,2.0,250.0,Minuman Isotonik,3.5999999999999996,0.0,0.052000000000000005,-0.9595866737219512,-0.6493583970051195,-0.3416663536968888
Isoplus Coco,0.0,0.0,12,0.085,2.0,175.0,Minuman Isotonik,6.857142857142858,0.0,0.04857142857142858,-0.8577590198727314,-0.6493583970051195,-0.36040997011716513
MIZONE Lychee Lemon,0.0,0.0,8,0.065,2.0,250.0,Minuman Isotonik,3.2,0.0,0.026000000000000002,-0.9720918241946624,-0.6493583970051195,-0.48380544488398464
MIZONE Cranberry,0.0,0.0,8,0.065,2.0,250.0,Minuman Isotonik,3.2,0.0,0.026000000000000002,-0.9720918241946624,-0.6493583970051195,-0.48380544488398464
Sunkist Lemon Water C,0.0,0.0,15,0.05,1.0,330.0,Minuman Rasa,4.545454545454546,0.0,0.015151515151515152,-0.9300290453319066,-0.6493583970051195,-0.5431128978501623
Sunkist Orange Water C,0.0,0.0,13,0.065,1.0,330.0,Minuman Rasa,3.939393939393939,0.0,0.0196969696969697,-0.9489762430178327,-0.6493583970051195,-0.5182634063838867
You C1000 Orange Water,0.0,0.0,40,0.06,1.0,500.0,Minuman Isotonik,8.0,0.0,0.011999999999999999,-0.822030018522128,-0.6493583970051195,-0.5603418786001133
You C1000 Lemon Water,0.0,0.0,37,0.06,1.0,500.0,Minuman Isotonik,7.3999999999999995,0.0,0.011999999999999999,-0.8407877442311948,-0.6493583970051195,-0.5603418786001133
Floridina Orange,0.0,0.0,19,0.025,2.0,175.0,Minuman Rasa,10.857142857142858,0.0,0.014285714285714287,-0.7327075151456193,-0.6493583970051195,-0.547846134319929
Im Coco Rasa Coco Melon,0.0,0.0,24,0.075,1.0,350.0,Minuman Nata de Coco,6.857142857142858,0.0,0.02142857142857143,-0.8577590198727314,-0.6493583970051195,-0.5087969334443533
Im Coco Rasa Mangga,0.0,0.0,21,0.035,1.0,350.0,Minuman Nata de Coco,6.0,0.0,0.01,-0.8845557708856839,-0.6493583970051195,-0.5712756548452745
Im Coco Rasa Stroberi,0.0,0.0,23,0.04,1.0,350.0,Minuman Nata de Coco,6.571428571428571,0.0,0.011428571428571429,-0.8666912702103823,-0.6493583970051195,-0.5634658146701593
NU Green Tea Rasa Madu,0.0,0.0,18,0.01,2.0,200.0,Minuman Teh Hijau,9.0,0.0,0.005,-0.79076714234035,-0.6493583970051195,-0.5986100954581776
NU Yogurt Tea,0.0,0.0,20,0.02,2.0,200.0,Minuman Teh,10.0,0.0,0.01,-0.7595042661585719,-0.6493583970051195,-0.5712756548452745
NU Green Tea,0.0,0.0,16,0.01,2.0,200.0,Minuman Teh Hijau,8.0,0.0,0.005,-0.822030018522128,-0.6493583970051195,-0.5986100954581776
NU Green Tea Rock Sugar,0.0,0.0,16,0.015,2.0,200.0,Minuman Teh Hijau,8.0,0.0,0.0075,-0.822030018522128,-0.6493583970051195,-0.584942875151726
Teh Javana Original,0.0,0.0,14,0.01,2.0,175.0,Minuman Teh,8.0,0.0,0.005714285714285714,-0.822030018522128,-0.6493583970051195,-0.59470517537062
Teh Javana Gula Batu,0.0,0.0,14,0.01,2.0,175.0,Minuman Teh,8.0,0.0,0.005714285714285714,-0.822030018522128,-0.6493583970051195,-0.59470517537062
Teh Gelas,0.0,0.0,14,0.01,2.0,200.0,Minuman Teh,7.000000000000001,0.0,0.005,-0.853292894703906,-0.6493583970051195,-0.5986100954581776
Fruit Tea Blackcurrant,0.0,0.0,15,0.06,2.0,250.0,Minuman Teh,6.0,0.0,0.023999999999999997,-0.8845557708856839,-0.6493583970051195,-0.494739221129146
Teh Gelas Blackcurrant,0.0,0.0,22,0.035,1.0,250.0,Minuman Teh,8.799999999999999,0.0,0.014000000000000002,-0.7970197175767056,-0.6493583970051195,-0.5494081023549521
Okky Jelly Drink Big Rasa Stroberi,0.0,0.0,10,0.06,1.0,220.0,Minuman Jeli,4.545454545454546,0.0,0.027272727272727275,-0.9300290453319066,-0.6493583970051195,-0.4768475872734276
Ultra Sari Kacang Ijo,0.0,0.0,20,0.065,1.0,200.0,Minuman Sari Kacang Hijau,10.0,0.0,0.0325,-0.7595042661585719,-0.6493583970051195,-0.4482706720872107
Ultra Sari Kacang Ijo Kids,0.0,0.0,15,0.05,1.0,150.0,Minuman Sari Kacang Hijau,10.0,0.0,0.03333333333333334,-0.7595042661585719,-0.6493583970051195,-0.4437149319850602
ABC Lychee Drink,0.0,0.0,19,0.02,1.0,250.0,Minuman Buah,7.6,0.0,0.008,-0.8345351689948391,-0.6493583970051195,-0.5822094310904358
ABC Minuman Buah Jeruk,0.0,0.0,18,0.035,1.0,250.0,Minuman Buah,7.199999999999999,0.0,0.014000000000000002,-0.8470403194675504,-0.6493583970051195,-0.5494081023549521
ABC Minuman Buah Sirsak,0.0,0.0,17,0.04,1.0,250.0,Minuman Buah,6.800000000000001,0.0,0.016,-0.8595454699402616,-0.6493583970051195,-0.5384743261097908
ABC Minuman Buah Apel,0.0,0.0,18,0.035,1.0,250.0,Minuman Buah,7.199999999999999,0.0,0.014000000000000002,-0.8470403194675504,-0.6493583970051195,-0.5494081023549521
ABC Minuman Sari Buah Jambu,0.0,0.0,18,0.03,1.0,250.0,Minuman Sari Buah,7.199999999999999,0.0,0.011999999999999999,-0.8470403194675504,-0.6493583970051195,-0.5603418786001133
ABC Minuman Asam Jawa,0.0,0.0,18,0.055,1.0,250.0,Minuman Asam Jawa,7.199999999999999,0.0,0.022000000000000002,-0.8470403194675504,-0.6493583970051195,-0.5056729973743072
Kapal Api Special Mix,0.5,0.0,17,0.0,1.0,23.0,Minuman Serbuk Kopi,73.91304347826086,2.1739130434782608,0.0,1.2386012985028922,-0.19639123098208933,-0.6259445360710806
TOP Plus,0.0,0.0,13,0.01,1.0,18.0,Minuman Serbuk Kopi,72.22222222222221,0.0,0.05555555555555555,1.1857413629298377,-0.6493583970051195,-0.32222852926104667
TOP Cappuccino,3.5,3.5,14,0.05,1.0,25.0,Minuman Serbuk Kopi,56.00000000000001,14.000000000000002,0.2,0.678588038203217,2.2677501521831953,0.4674330884450417
TOP Coffee Gula Aren,2.5,2.5,14,0.035,1.0,22.0,Minuman Serbuk Kopi,63.63636363636363,11.363636363636363,0.1590909090909091,0.9173227290458852,1.718424516297084,0.2437876652485621
TOP Coffee Gula Aren Tubruk,2.0,2.0,17,0.045,1.0,27.0,Minuman Serbuk Kopi,62.96296296296296,7.4074074074074066,0.16666666666666666,0.8962702871726341,0.8940852798140945,0.2852034843590212
TOP Avocado Coffee,3.5,3.5,11,0.03,1.0,22.0,Minuman Serbuk Kopi,50.0,15.909090909090908,0.13636363636363635,0.49101078111254876,2.6655376816179652,0.11954020791718452
Kapal Api Kopi Susu,3.5,2.5,18,0.05,1.0,31.0,Minuman Serbuk Kopi,58.06451612903226,11.29032258064516,0.16129032258064516,0.7431307503204361,1.7031484975015856,0.2558116127322438
Kapal Api Gula Aren,1.0,1.0,17,0.0,1.0,23.0,Minuman Serbuk Kopi,73.91304347826086,4.3478260869565215,0.0,1.2386012985028922,0.2565759350409409,-0.6259445360710806
FresCo Kopi moka,2.5,2.5,16,0.02,1.0,28.0,Minuman Serbuk Kopi,57.14285714285714,8.928571428571429,0.07142857142857142,0.7143170395538202,1.211042463446612,-0.23545252731532268
FresCo Kopi Susu,2.0,2.0,19,0.03,1.0,27.0,Minuman Serbuk Kopi,70.37037037037037,7.4074074074074066,0.1111111111111111,1.1278471477783971,0.8940852798140945,-0.018512522451012713
FresCo Cappuccino,2.0,2.0,18,0.06,1.0,25.0,Minuman Serbuk Kopi,72.0,8.0,0.24,1.178794057111665,1.0175607739596317,0.6861086133482661
Pikopi Gula Aren,2.5,2.5,12,0.005,1.0,20.0,Minuman Serbuk Kopi,60.0,12.5,0.025,0.8036395429303289,1.9552028076273043,-0.48927233300656525
Pikopi 3in1 KopiMix,2.5,2.5,11,0.025,1.0,20.0,Minuman Serbuk Kopi,55.00000000000001,12.5,0.125,0.6473251620214391,1.9552028076273043,0.05741647925149581
Pikopi Moccachino,2.0,2.0,12,0.01,1.0,19.0,Minuman Serbuk Kopi,63.1578947368421,10.526315789473683,0.05263157894736842,0.902364415083312,1.543956301632711,-0.3382135822510485
TOP White Coffee,3.0,3.0,14,0.025,1.0,21.0,Minuman Serbuk Kopi,66.66666666666666,14.285714285714285,0.11904761904761905,1.0120587174755153,2.3272829797176504,0.024875478521849355
TOP Coffee Kopi Susu,2.0,2.0,19,0.025,1.0,30.0,Minuman Serbuk Kopi,63.33333333333333,6.666666666666667,0.08333333333333334,0.9078491302029221,0.7397409121321732,-0.1703705258560296
TOP Coffee Kopi Mocca,2.0,2.0,21,0.06,1.0,30.0,Minuman Serbuk Kopi,70.0,6.666666666666667,0.2,1.116268304748109,0.7397409121321732,0.4674330884450417
TOP Coffee Kopi Gula,1.5,0.5,18,0.035,1.0,25.0,Minuman Serbuk Kopi,72.0,6.0,0.14,1.178794057111665,0.6008309812184439,0.13941980109020505
NEO Coffee Tiramisu,2.0,2.0,13,0.04,1.0,20.0,Minuman Serbuk Kopi,65.0,10.0,0.2,0.959953923839219,1.4342905667008194,0.4674330884450417
NEO Coffee Caramel Macchiato,2.5,2.5,12,0.05,1.0,20.0,Minuman Serbuk Kopi,60.0,12.5,0.25,0.8036395429303289,1.9552028076273043,0.7407774945740723
NEO Coffee Moccachino,2.5,2.5,12,0.04,1.0,20.0,Minuman Serbuk Kopi,60.0,12.5,0.2,0.8036395429303289,1.9552028076273043,0.4674330884450417
ABC Plus Gula,0.0,0.0,13,0.0,1.0,18.0,Minuman Serbuk Kopi,72.22222222222221,0.0,0.0,1.1857413629298377,-0.6493583970051195,-0.6259445360710806
ABC Kopi Susu Gula Aren,3.0,3.0,17,0.01,1.0,27.0,Minuman Serbuk Kopi,62.96296296296296,11.11111111111111,0.037037037037037035,0.8962702871726341,1.6658071182237015,-0.42346719819772466
ABC Kopi Mocca,2.5,2.0,17,0.02,1.0,27.0,Minuman Serbuk Kopi,62.96296296296296,9.25925925925926,0.07407407407407407,0.8962702871726341,1.2799461990188983,-0.22098986032436868
Luwak White Koffie Tarik Malaka,4.0,4.0,11,0.025,1.0,25.0,Minuman Serbuk Kopi,44.0,16.0,0.1,0.3034335240218806,2.684479944924383,-0.07925572381301944
Luwak Kopi Gula,0.5,0.0,16,0.0,1.0,23.0,Minuman Serbuk Kopi,69.56521739130434,2.1739130434782608,0.0,1.1026757498864663,-0.19639123098208933,-0.6259445360710806
Good Day Vanilla Latte,2.0,2.0,13,0.015,1.0,20.0,Minuman Serbuk Kopi,65.0,10.0,0.075,0.959953923839219,1.4342905667008194,-0.21592792687753476
Good Day Chococinno,2.5,2.5,13,0.04,1.0,20.0,Minuman Serbuk Kopi,65.0,12.5,0.2,0.959953923839219,1.9552028076273043,0.4674330884450417
Good Day Carrebian Nut,2.5,2.5,12,0.01,1.0,20.0,Minuman Serbuk Kopi,60.0,12.5,0.05,0.8036395429303289,1.9552028076273043,-0.35260012994205003
Good Day Mocacinno,2.0,2.0,13,0.01,1.0,20.0,Minuman Serbuk Kopi,65.0,10.0,0.05,0.959953923839219,1.4342905667008194,-0.35260012994205003
Good Day CooLin Coffee,2.0,2.0,13,0.02,1.0,20.0,Minuman Serbuk Kopi,65.0,10.0,0.1,0.959953923839219,1.4342905667008194,-0.07925572381301944
Energen Kurma,3.5,3.5,15,0.11,1.0,30.0,Minuman dengan Sereal,50.0,11.666666666666666,0.36666666666666664,0.49101078111254876,1.7815653939851426,1.3785811088751434
Energen Vanila,4.0,3.5,18,0.105,1.0,34.0,Minuman dengan Sereal,52.94117647058824,11.76470588235294,0.30882352941176466,0.5829604169413077,1.8019933250018674,1.0623591488435198
Energen Cokelat,3.5,3.0,16,0.21,1.0,35.0,Minuman dengan Sereal,45.714285714285715,10.0,0.6,0.35702702604778586,1.4342905667008194,2.654188337477286
Energen Kacang Hijau,3.0,3.0,14,0.17,1.0,32.0,Minuman dengan Sereal,43.75,9.375,0.53125,0.29561780497643614,1.3040625064691984,2.2783397790498694
Energen Jahe,3.5,3.5,16,0.16,1.0,32.0,Minuman dengan Sereal,50.0,10.9375,0.5,0.49101078111254876,1.6296326570482513,2.1074995252192252
Jangkrik Mas Serbat Uwuh,0.0,0.0,10,0.02,1.0,12.0,Minuman Jahe,83.33333333333334,0.0,0.16666666666666669,1.533106653838483,-0.6493583970051195,0.2852034843590214
Jangkrik Mas Serbat Jintan Hitam,0.0,0.0,11,0.0,1.0,12.0,Minuman Jahe,91.66666666666666,0.0,0.0,1.7936306220199658,-0.6493583970051195,-0.6259445360710806
INTRA Jahe Wangi,0.0,0.0,16,0.055,1.0,18.0,Minuman Serbuk,88.88888888888889,0.0,0.3055555555555556,1.7067892992928049,-0.6493583970051195,1.0444935013841063
INTRA Jahe Susu,1.5,1.5,23,0.07,1.0,26.0,Minuman Serbuk,88.46153846153845,5.769230769230769,0.2692307692307693,1.6934290957963183,0.5527467743636915,0.8459099584698535
KOKITA Wedang Jahe,0.0,0.0,16,0.0,1.0,18.0,Minuman Botanikal Serbuk,88.88888888888889,0.0,0.0,1.7067892992928049,-0.6493583970051195,-0.6259445360710806
Nutrisari Leci,0.0,0.0,9,0.015,1.0,11.0,Minuman Serbuk Rasa,81.81818181818183,0.0,0.13636363636363635,1.4857386596236677,-0.6493583970051195,0.11954020791718452
Nutrisari Kelapa Muda,0.0,0.0,9,0.12,1.0,11.0,Minuman Serbuk Rasa,81.81818181818183,0.0,1.0909090909090908,1.4857386596236677,-0.6493583970051195,5.33793341583504
Nutrisari Sirsak,0.0,0.0,10,0.02,1.0,11.0,Minuman Serbuk Rasa,90.9090909090909,0.0,0.18181818181818182,1.7699466249125584,-0.6493583970051195,0.36803512257993964
Tora Moka Kopi Susu & Cokelat,3.5,3.0,14,0.05,1.0,28.0,Minuman Serbuk Kopi,50.0,12.5,0.17857142857142858,0.49101078111254876,1.9552028076273043,0.3502854858183143
Nutrisari Mangga Gandaria,0.0,0.0,9,0.02,1.0,11.0,Minuman Serbuk Rasa,81.81818181818183,0.0,0.18181818181818182,1.4857386596236677,-0.6493583970051195,0.36803512257993964
Nutrisari Melon,0.0,0.0,9,0.025,1.0,11.0,Minuman Serbuk Rasa,81.81818181818183,0.0,0.2272727272727273,1.4857386596236677,-0.6493583970051195,0.6165300372426948
Nutrisari Strawberry,0.0,0.0,8,0.02,1.0,11.0,Minuman Serbuk Rasa,72.72727272727273,0.0,0.18181818181818182,1.2015306943347766,-0.6493583970051195,0.36803512257993964
Sidomuncul Susu Jahe,1.5,1.0,20,0.005,1.0,27.0,Minuman Serbuk,74.07407407407408,5.555555555555555,0.018518518518518517,1.243635578081279,0.508224360609291,-0.5247058671344026
Nutrisari Jeruk Peras,0.0,0.0,12,0.035,1.0,14.0,Minuman Serbuk Rasa,85.71428571428571,0.0,0.25,1.6075420733189063,-0.6493583970051195,0.7407774945740723
Jahe Merah AMH,0.0,0.0,20,0.0,2.0,20.0,Minuman Serbuk,100.0,0.0,0.0,2.0541545902014495,-0.6493583970051195,-0.6259445360710806
Nutrisari Madu Kurma,0.0,0.0,9,0.02,1.0,14.0,Minuman Serbuk Rasa,64.28571428571429,0.0,0.14285714285714285,0.937623297995092,-0.6493583970051195,0.15503948144043525
Nutrisari Madu Jeruk,0.0,0.0,9,0.015,1.0,11.0,Minuman Serbuk Rasa,81.81818181818183,0.0,0.13636363636363635,1.4857386596236677,-0.6493583970051195,0.11954020791718452
Tora Cafe Choco Latte,2.5,2.5,14,0.11,1.0,23.5,Minuman Serbuk Kopi,59.57446808510638,10.638297872340425,0.46808510638297873,0.7903361913636148,1.5672894367246029,1.9330243723709077
Nutrisari Markisa,0.0,0.0,11,0.05,1.0,11.0,Minuman Serbuk Rasa,100.0,0.0,0.4545454545454546,2.0541545902014495,-0.6493583970051195,1.8590046105564704
Nutrisari Sweet Orange,0.0,0.0,12,0.01,1.0,14.0,Minuman Serbuk Rasa,85.71428571428571,0.0,0.07142857142857142,1.6075420733189063,-0.6493583970051195,-0.23545252731532268
Nutrisari Anggur,0.0,0.0,8,0.02,1.0,11.0,Minuman Serbuk Rasa,72.72727272727273,0.0,0.18181818181818182,1.2015306943347766,-0.6493583970051195,0.36803512257993964
Nutrisari Jeju Orange,0.0,0.0,9,0.015,1.0,11.0,Minuman Serbuk Rasa,81.81818181818183,0.0,0.13636363636363635,1.4857386596236677,-0.6493583970051195,0.11954020791718452
Marimas Jambu Biji,0.0,0.0,2,0.065,1.0,6.0,Minuman Serbuk Rasa,33.33333333333333,0.0,1.0833333333333335,-0.030037155250418356,-0.6493583970051195,5.296517596724582
Marimas Cincau,0.0,0.0,5,0.03,1.0,6.0,Minuman Serbuk Rasa,83.33333333333334,0.0,0.5,1.533106653838483,-0.6493583970051195,2.1074995252192252
Pop Ice Blueberry,1.5,1.5,18,0.06,1.0,23.0,Minuman Serbuk Mengandung Susu,78.26086956521739,6.521739130434782,0.2608695652173913,1.3745268471193188,0.709543101063971,0.8002001915586441
Pop Ice Es Doger,1.5,1.5,17,0.02,1.0,23.0,Minuman Serbuk Rasa,73.91304347826086,6.521739130434782,0.08695652173913043,1.2386012985028922,0.709543101063971,-0.1505629601945057
Pop Ice Sultan Cheesu Red Velvet,1.5,1.0,17,0.2,1.0,23.0,Minuman Serbuk Rasa,73.91304347826086,6.521739130434782,0.8695652173913043,1.2386012985028922,0.709543101063971,4.127871222694668
Pop Ice Choco Cookies,2.5,2.0,16,0.05,1.0,23.0,Minuman Serbuk Rasa,69.56521739130434,10.869565217391305,0.21739130434782608,1.1026757498864663,1.6154774331100317,0.5625094036203566
Anget Sari Wedang Jahe,0.0,0.0,21,0.035,1.0,27.5,Minuman Serbuk,76.36363636363637,0.0,0.1272727272727273,1.315213880450333,-0.6493583970051195,0.06984122498463365
Pop Ice Durian,2.5,2.0,17,0.05,1.0,23.0,Minuman Serbuk Rasa Susu,73.91304347826086,10.869565217391305,0.21739130434782608,1.2386012985028922,1.6154774331100317,0.5625094036203566
Pop Ice Soursop,1.0,1.0,17,0.045,1.0,25.0,Minuman Serbuk Mengandung Susu,68.0,4.0,0.18,1.053742552384553,0.1841011884772561,0.3580953259934294
Pop Ice Coffee Moccacino,1.5,1.0,17,0.02,1.0,25.0,Minuman Serbuk Rasa,68.0,6.0,0.08,1.053742552384553,0.6008309812184439,-0.18859348626463168
Pop Ice Choco Cream,1.0,1.0,15,0.03,1.0,23.0,Minuman Serbuk Mengandung Susu,65.21739130434783,4.3478260869565215,0.13043478260869565,0.9667502012700403,0.2565759350409409,0.08712782774378172
Pop Ice Melon,1.0,1.0,19,0.03,1.0,23.0,Minuman Serbuk Mengandung Susu,82.6086956521739,4.3478260869565215,0.13043478260869565,1.5104523957357447,0.2565759350409409,0.08712782774378172
Pop Ice Cappuccino,2.0,1.5,16,0.015,1.0,23.0,Minuman Serbuk Rasa Susu,69.56521739130434,8.695652173913043,0.06521739130434782,1.1026757498864663,1.1625102670870013,-0.26940835416364944
Pop Ice Lychee,1.5,1.0,17,0.065,1.0,25.0,Minuman Serbuk Rasa,68.0,6.0,0.26,1.053742552384553,0.6008309812184439,0.7954463757998784
Pop Ice Kacang Hijau,2.0,2.0,20,0.04,1.0,25.0,Minuman Serbuk Mengandung Susu,80.0,8.0,0.16,1.428897066565889,1.0175607739596317,0.24875756354181722
Pop Ice Guava,1.0,1.0,17,0.06,1.0,25.0,Minuman Serbuk Rasa,68.0,4.0,0.24,1.053742552384553,0.1841011884772561,0.6861086133482661
Delizio Caffino Dark Cappuccino,2.5,2.0,12,0.045,1.0,25.0,Minuman Serbuk Kopi,48.0,10.0,0.18,0.4284850287489927,1.4342905667008194,0.3580953259934294
Delizio Caffino Kopi Latte Mocca,2.0,1.5,12,0.025,1.0,20.0,Minuman Serbuk Kopi,60.0,10.0,0.125,0.8036395429303289,1.4342905667008194,0.05741647925149581
Indocafe Coffeemix Mild,2.0,2.0,11,0.005,1.0,18.0,Minuman Serbuk Kopi,61.111111111111114,11.11111111111111,0.027777777777777776,0.8383760720211935,1.6658071182237015,-0.47408653266606365
Indocafe Cappuccino,2.5,2.5,14,0.01,1.0,25.0,Minuman Serbuk,56.00000000000001,10.0,0.04,0.678588038203217,1.4342905667008194,-0.4072690111678562
Indocafe Coffeemix,2.0,2.0,13,0.01,1.0,20.0,Minuman Serbuk,65.0,10.0,0.05,0.959953923839219,1.4342905667008194,-0.35260012994205003
Tora Susu Kopi Susu Full Cream,3.0,2.5,18,0.07,1.0,31.0,Minuman Serbuk Kopi,58.06451612903226,9.67741935483871,0.22580645161290325,0.7431307503204361,1.367076084000628,0.6085140722535737
Tora Bika Creamy Latte,4.5,4.5,8,0.035,1.0,25.0,Minuman Serbuk Kopi,32.0,18.0,0.14,-0.07172099015945556,3.1012097376655707,0.13941980109020505
Nutrisari Wdank Bajigur Coconut Latte,4.0,3.0,7,0.2,1.0,15.0,Minuman Serbuk,46.666666666666664,26.666666666666668,1.3333333333333335,0.38680119383995526,4.907038839544051,6.663239627369736
Lokalate Popcorn Latte,2.0,2.0,8,0.065,1.0,15.0,Minuman Serbuk Kopi,53.333333333333336,13.333333333333334,0.4333333333333333,0.5952203683851421,2.128840221269466,1.7430403170471842
Lokalate Aren Latte,2.5,2.5,6,0.06,1.0,15.0,Minuman Serbuk Kopi,40.0,16.666666666666664,0.4,0.17838201929476857,2.8233898758381115,1.5608107129611641
Lokalate Tape Ketan Latte,2.0,2.0,9,0.05,1.0,15.0,Minuman Serbuk Kopi,60.0,13.333333333333334,0.33333333333333337,0.8036395429303289,2.128840221269466,1.1963515047891236
Lokalate Avocado Latte,2.0,2.0,7,0.03,1.0,15.0,Minuman Serbuk Kopi,46.666666666666664,13.333333333333334,0.2,0.38680119383995526,2.128840221269466,0.4674330884450417
Kopi Tubruk Gadjah Special Mix,0.5,0.0,17,0.0,1.0,23.0,Minuman Serbuk Kopi,73.91304347826086,2.1739130434782608,0.0,1.2386012985028922,-0.19639123098208933,-0.6259445360710806
Kopi Tubruk Gadjah Tubruk Manis,0.1,0.0,15,0.005,1.0,25.0,Minuman Serbuk Kopi,60.0,0.4,0.02,0.8036395429303289,-0.566012438456882,-0.5166067736194684
Tora Bika Cappuccino,2.5,2.5,15,0.03,1.0,25.0,Minuman Serbuk Kopi,60.0,10.0,0.12,0.8036395429303289,1.4342905667008194,0.03008203863859273
Yeo's Grass Jelly Drink,0.0,0.0,26,0.03,1.0,300.0,Minuman Cincau,8.666666666666668,0.0,0.009999999999999998,-0.8011881010676092,-0.6493583970051195,-0.5712756548452745
Sagiko Mixed Fruit Float,0.0,0.0,32,0.0,1.0,250.0,Minuman Buah,12.8,0.0,0.0,-0.6719682128495934,-0.6493583970051195,-0.6259445360710806
Sagiko Orange,0.0,0.0,30,0.0,1.0,250.0,Minuman Buah,12.0,0.0,0.0,-0.6969785137950159,-0.6493583970051195,-0.6259445360710806
Nutrisari Squeezed Orange Less Sugar,0.0,0.0,12,0.04,1.0,200.0,Minuman Buah,6.0,0.0,0.02,-0.8845557708856839,-0.6493583970051195,-0.5166067736194684
ABC Sari Kacang Hijau,0.0,0.0,15,0.065,1.0,250.0,Minuman Sari Kacang Hijau,6.0,0.0,0.026000000000000002,-0.8845557708856839,-0.6493583970051195,-0.48380544488398464
Ultra Sari Asem Asli,0.0,0.0,28,0.1,1.0,250.0,Minuman Buah,11.200000000000001,0.0,0.04,-0.7219888147404382,-0.6493583970051195,-0.4072690111678562
Teh Kotak Apel,0.0,0.0,20,0.05,1.5,200.0,Minuman Teh,10.0,0.0,0.025,-0.7595042661585719,-0.6493583970051195,-0.48927233300656525
Teh Kotak Mangga,0.0,0.0,21,0.04,1.5,200.0,Minuman Teh,10.5,0.0,0.02,-0.743872828067683,-0.6493583970051195,-0.5166067736194684
Teh Kotak Leci,0.0,0.0,22,0.045,1.5,200.0,Minuman Teh,11.0,0.0,0.0225,-0.7282413899767939,-0.6493583970051195,-0.5029395533130168
Teh Kotak Blackcurrant,0.0,0.0,21,0.05,1.5,200.0,Minuman Teh,10.5,0.0,0.025,-0.743872828067683,-0.6493583970051195,-0.48927233300656525
Teh Kotak Melati,0.0,0.0,17,0.01,1.5,200.0,Minuman Teh,8.5,0.0,0.005,-0.8063985804312389,-0.6493583970051195,-0.5986100954581776
Teh Kotak Lemon,0.0,0.0,20,0.025,1.5,200.0,Minuman Teh,10.0,0.0,0.0125,-0.7595042661585719,-0.6493583970051195,-0.557608434538823
Alang Sari Cool,0.0,0.0,27,0.08,1.0,300.0,Suplemen Makanan,9.0,0.0,0.02666666666666667,-0.79076714234035,-0.6493583970051195,-0.4801608528022643
S-tee,0.0,0.0,12,0.02,2.0,195.0,Minuman Teh,6.153846153846154,0.0,0.010256410256410256,-0.8797460976269489,-0.6493583970051195,-0.5698738886599973
Ichi Ocha Honey Lemon Tea,0.0,0.0,25,0.02,1.0,350.0,Minuman Teh,7.142857142857142,0.0,0.005714285714285714,-0.8488267695350805,-0.6493583970051195,-0.59470517537062
Ichi Ocha Jasmine Tea,0.0,0.0,18,0.02,1.0,350.0,Minuman Teh,5.142857142857142,0.0,0.005714285714285714,-0.9113525218986366,-0.6493583970051195,-0.59470517537062
ABC Choco Malt Coffee,2.0,2.0,17,0.065,1.0,200.0,Minuman Kopi,8.5,1.0,0.0325,-0.8063985804312389,-0.4409935006345256,-0.4482706720872107
Nescafe Original,3.5,2.5,17,0.105,1.0,240.0,Minuman Kopi Susu,7.083333333333333,1.4583333333333333,0.043750000000000004,-0.8506876550220912,-0.3454929231313367,-0.38676818070817887
Nescafe Mocha,3.0,2.0,22,0.15,1.0,220.0,Minuman Kopi Susu,10.0,1.3636363636363635,0.06818181818181818,-0.7595042661585719,-0.3652244474088551,-0.25320216407694807
Del Monte Red Velvet,3.5,3.0,23,0.17,1.0,240.0,Minuman Rasa,9.583333333333334,1.4583333333333333,0.07083333333333333,-0.7725304645676461,-0.3454929231313367,-0.23870662738828732
Del Monte Caramel Cheese,3.0,2.5,22,0.16,1.0,240.0,Minuman Kopi,9.166666666666666,1.25,0.06666666666666667,-0.7855566629767203,-0.38890227654187715,-0.26148532789903983
Del Monte Matcha,3.5,3.0,20,0.17,1.0,240.0,Minuman Teh Hijau Susu,8.333333333333332,1.4583333333333333,0.07083333333333333,-0.8116090597948686,-0.3454929231313367,-0.23870662738828732
Tong Tji Lemon Tea,0.0,0.0,22,0.01,1.0,30.0,Minuman Serbuk Teh,73.33333333333333,0.0,0.03333333333333333,1.2204778920207022,-0.6493583970051195,-0.4437149319850602
Tong Tji Teh Tarik,1.5,1.5,14,0.055,1.0,23.6,Minuman Serbuk Teh,59.32203389830508,6.3559322033898304,0.23305084745762708,0.7824443726375979,0.674994757892723,0.6481183738523667
Luwak Collagen,2.0,2.0,18,0.01,1.0,25.0,Minuman Serbuk Kopi,72.0,8.0,0.04,1.178794057111665,1.0175607739596317,-0.4072690111678562
Olatte Rasa Susu dan Stroberi,2.0,1.0,14,0.03,1.0,240.0,Minuman Rasa,5.833333333333333,0.8333333333333334,0.0125,-0.8897662502493137,-0.47572098336295787,-0.557608434538823
Olatte Rasa Susu dan Pir,0.0,0.0,14,0.035,1.0,240.0,Minuman Rasa,5.833333333333333,0.0,0.014583333333333335,-0.8897662502493137,-0.6493583970051195,-0.5462190842834467
Teh Kotak Less Sugar,0.0,0.0,11,0.01,1.5,200.0,Minuman Teh,5.5,0.0,0.005,-0.900187208976573,-0.6493583970051195,-0.5986100954581776
Fruit Tea Freeze,0.0,0.0,15,0.06,2.0,250.0,Minuman Teh,6.0,0.0,0.023999999999999997,-0.8845557708856839,-0.6493583970051195,-0.494739221129146
Pororo Apple,0.0,0.0,28,0.03,1.0,235.0,Minuman Rasa Buah,11.914893617021278,0.0,0.01276595744680851,-0.6996391841083587,-0.6493583970051195,-0.5561544749317536
Pororo Strawberry,0.0,0.0,27,0.035,1.0,235.0,Minuman Rasa Buah,11.48936170212766,0.0,0.014893617021276596,-0.7129425356750727,-0.6493583970051195,-0.5445227980751991
Pororo Milk,0.0,0.0,27,0.03,1.0,235.0,Minuman Rasa Buah,11.48936170212766,0.0,0.01276595744680851,-0.7129425356750727,-0.6493583970051195,-0.5561544749317536
Pororo Mango,0.0,0.0,27,0.03,1.0,235.0,Minuman Rasa Buah,11.48936170212766,0.0,0.01276595744680851,-0.7129425356750727,-0.6493583970051195,-0.5561544749317536
Pororo Blueberry,0.0,0.0,26,0.035,1.0,235.0,Minuman Rasa Buah,11.063829787234042,0.0,0.014893617021276596,-0.7262458872417868,-0.6493583970051195,-0.5445227980751991
Groovy Root Brews,0.0,0.0,27,0.015,1.0,330.0,Minuman Berkarbonasi,8.181818181818182,0.0,0.004545454545454545,-0.8163458592163502,-0.6493583970051195,-0.6010950446048051
Teh Manis Bonteh,0.0,0.0,11,0.02,1.0,330.0,Minuman Teh,3.3333333333333335,0.0,0.006060606060606061,-0.9679234407037587,-0.6493583970051195,-0.5928118807827133
A&W Sarsaparila,0.0,0.0,12,0.01,1.0,250.0,Minuman Berkarbonasi,4.8,0.0,0.004,-0.9220712223038176,-0.6493583970051195,-0.6040769835807581
Nescafe Oat Latte,5.0,4.5,9,0.19,1.0,220.0,Minuman Kopi,4.090909090909091,2.272727272727273,0.08636363636363636,-0.9442394435963511,-0.1758018143446788,-0.153804198211846
Nescafe Coffee Cream,2.0,1.5,11,0.105,1.0,180.0,Minuman Kopi,6.111111111111111,1.1111111111111112,0.05833333333333333,-0.8810821179765975,-0.4178418454822374,-0.30704272892054496
Kapal Api Black Coffee,2.0,1.0,17,0.035,1.0,200.0,Minuman Kopi,8.5,1.0,0.0175,-0.8063985804312389,-0.4409935006345256,-0.5302739939259199
Kopiko Lucky Day,6.0,6.0,12,0.125,1.0,180.0,Minuman Kopi Susu,6.666666666666667,3.3333333333333335,0.06944444444444445,-0.8637138534311652,0.04519125756352685,-0.24629952755853812
Sari Kurma TJ,0.0,0.0,24,0.005,1.0,250.0,Minuman Sari Kurma,9.6,0.0,0.002,-0.7720094166312831,-0.6493583970051195,-0.6150107598259194
Sidomuncul Kunyit Asam,0.0,0.0,0,0.07,1.0,25.0,Minuman untuk Kesehatan,0.0,0.0,0.28,-1.0721330279763521,-0.6493583970051195,0.9047841382514907
Kratingdaeng Super,0.0,0.0,0,0.1,1.0,150.0,Suplemen Makanan,0.0,0.0,0.06666666666666668,-1.0721330279763521,-0.6493583970051195,-0.2614853278990398
Kratingdaeng Energy Drink,0.0,0.0,0,0.1,1.0,150.0,Suplemen Makanan,0.0,0.0,0.06666666666666668,-1.0721330279763521,-0.6493583970051195,-0.2614853278990398
Zenlatte Matcha,1.0,1.0,15,0.015,1.0,20.0,Minuman Serbuk Teh,75.0,5.0,0.075,1.272582685656999,0.39246608484785,-0.21592792687753476
Zenlatte Thai Tea,3.0,3.0,16,0.02,1.0,27.0,Minuman Serbuk Teh,59.25925925925925,11.11111111111111,0.07407407407407407,0.7804818568697524,1.6658071182237015,-0.22098986032436868
Nutrisari Orange,0.0,0.0,9,0.0,1.0,11.0,Minuman Serbuk Rasa,81.81818181818183,0.0,0.0,1.4857386596236677,-0.6493583970051195,-0.6259445360710806
Anget Sari Susu Jahe,0.0,0.0,20,0.07,1.0,25.0,Minuman Serbuk Instan,80.0,0.0,0.28,1.428897066565889,-0.6493583970051195,0.9047841382514907
Anget Sari Jahe Jeruk Nipis,0.0,0.0,28,0.015,1.0,30.0,Minuman Serbuk Instan,93.33333333333333,0.0,0.05,1.8457354156562626,-0.6493583970051195,-0.35260012994205003
INTRA Serbat Wangi,0.0,0.0,18,0.065,1.0,21.5,Minuman Serbuk,83.72093023255815,0.0,0.3023255813953489,1.545224047707389,-0.6493583970051195,1.02683559401143
Sekoteng ABC,0.0,0.0,25,0.005,1.0,30.0,Minuman Serbuk,83.33333333333334,0.0,0.016666666666666666,1.533106653838483,-0.6493583970051195,-0.5348297340280704
Nutrisari Wdank Bandrek Ginger Palm Sugar,0.5,0.0,12,0.095,1.0,15.0,Minuman Serbuk,80.0,3.3333333333333335,0.6333333333333333,1.428897066565889,0.04519125756352685,2.836417941563306
Nutrisari Wdank Sereh Jahe Nipis,0.0,0.0,10,0.035,1.0,11.0,Minuman Serbuk,90.9090909090909,0.0,0.3181818181818182,1.7699466249125584,-0.6493583970051195,1.113519866568205
ABC Beras Kentjoer,0.0,0.0,19,0.055,1.0,23.0,Minuman Serbuk,82.6086956521739,0.0,0.23913043478260868,1.5104523957357447,-0.6493583970051195,0.6813547975895002
Sunquick Mango,0.0,0.0,12,0.01,1.0,100.0,Sirup Rasa,12.0,0.0,0.01,-0.6969785137950159,-0.6493583970051195,-0.5712756548452745
Sunquick Orange,0.0,0.0,12,0.02,1.0,100.0,Sirup Rasa,12.0,0.0,0.02,-0.6969785137950159,-0.6493583970051195,-0.5166067736194684
ABC Qahwa Kopi Susu Kurma,4.0,4.0,16,0.02,1.0,27.0,Minuman Serbuk Kopi,59.25925925925925,14.814814814814813,0.07407407407407407,0.7804818568697524,2.4375289566333085,-0.22098986032436868
Delizio Caffino Brown Sugar,2.5,2.5,13,0.06,1.0,25.0,Minuman Serbuk Kopi,52.0,10.0,0.24,0.5535365334761048,1.4342905667008194,0.6861086133482661
Luwak White Koffie Premium,2.5,2.5,5,0.015,1.0,20.0,Minuman Serbuk Kopi,25.0,12.5,0.075,-0.29056112343190166,1.9552028076273043,-0.21592792687753476
ABC Kopi Klepon,3.5,3.5,15,0.015,1.0,25.0,Minuman Serbuk Kopi,60.0,14.000000000000002,0.06,0.8036395429303289,2.2677501521831953,-0.29793124871624393
Good Day Coffee Freeze Mocafrio,3.5,3.5,21,0.005,1.0,30.0,Minuman Serbuk Kopi,70.0,11.666666666666666,0.016666666666666666,1.116268304748109,1.7815653939851426,-0.5348297340280704
Good Day Coffee Freeze Cookies N Cream,3.5,3.5,17,0.015,1.0,30.0,Minuman Serbuk Kopi,56.666666666666664,11.666666666666666,0.05,0.6994299556577355,1.7815653939851426,-0.35260012994205003
Good Day Coffee Freeze Hazelnut Macchiato,3.5,3.5,19,0.015,1.0,30.0,Minuman Serbuk Kopi,63.33333333333333,11.666666666666666,0.05,0.9078491302029221,1.7815653939851426,-0.35260012994205003
Good Day Choco Nut,2.5,2.5,13,0.035,1.0,22.0,Minuman Serbuk Kopi,59.09090909090909,11.363636363636363,0.1590909090909091,0.7752187464014398,1.718424516297084,0.2437876652485621
Good Day Moca Caramel,2.5,2.5,14,0.04,1.0,22.0,Minuman Serbuk Kopi,63.63636363636363,11.363636363636363,0.18181818181818182,0.9173227290458852,1.718424516297084,0.36803512257993964
Chocolatos Creamy,1.5,1.5,9,0.04,1.5,15.0,Minuman Serbuk Rasa,60.0,10.0,0.26666666666666666,0.8036395429303289,1.4342905667008194,0.8318922966170824
Chocolatos Smooth Matcha,3.0,2.5,10,0.09,1.0,20.0,Minuman Serbuk Rasa,50.0,15.0,0.44999999999999996,0.49101078111254876,2.476115048553789,1.8341551190901944
Hilo Calcium Chocolate Hazelnut,1.5,1.0,8,0.035,1.0,14.0,Minuman Serbuk Rasa,57.14285714285714,10.714285714285714,0.25,0.7143170395538202,1.5831226355369579,0.7407774945740723
Hilo Calcium Choco Malt,1.0,1.0,8,0.085,1.0,14.0,Minuman Serbuk Rasa,57.14285714285714,7.142857142857142,0.6071428571428572,0.7143170395538202,0.8389622913562654,2.6932375383528626
Diamond Juice Guava,0.0,0.0,20,0.015,1.0,200.0,Minuman Sari Buah,10.0,0.0,0.0075,-0.7595042661585719,-0.6493583970051195,-0.584942875151726
Diamond Juice Blueberry,0.0,0.0,17,0.01,1.0,200.0,Minuman Sari Buah,8.5,0.0,0.005,-0.8063985804312389,-0.6493583970051195,-0.5986100954581776
Nutrisari Jeruk Madu Less Sugar,0.0,0.0,14,0.04,1.0,200.0,Minuman Buah,7.000000000000001,0.0,0.02,-0.853292894703906,-0.6493583970051195,-0.5166067736194684
Country Choice Optimist Orange,0.0,0.0,20,0.06,1.0,250.0,Minuman Sari Buah,8.0,0.0,0.023999999999999997,-0.822030018522128,-0.6493583970051195,-0.494739221129146
Country Choice Guardian Red,0.0,0.0,21,0.06,1.0,250.0,Minuman Sari Buah,8.4,0.0,0.023999999999999997,-0.8095248680494168,-0.6493583970051195,-0.494739221129146
Country Choice Purify Green,0.0,0.0,20,0.06,1.0,250.0,Minuman Sari Buah,8.0,0.0,0.023999999999999997,-0.822030018522128,-0.6493583970051195,-0.494739221129146
Buavita Korean White Peach,0.0,0.0,20,0.07,1.0,245.0,Minuman Sari Buah,8.16326530612245,0.0,0.028571428571428574,-0.8169258754720418,-0.6493583970051195,-0.46974773256877744
Benecol Smoothie Orange,2.0,0.0,3,0.055,1.0,100.0,Minuman Rasa,3.0,2.0,0.055,-0.978344399431018,-0.2326286042639317,-0.32526568932914696
Benecol Smoothie Strawberry,2.0,0.0,4,0.055,1.0,100.0,Minuman Rasa,4.0,2.0,0.055,-0.94708152324924,-0.2326286042639317,-0.32526568932914696
Benecol Smoothie Blackcurrant,2.0,1.0,6,0.055,1.0,100.0,Minuman Rasa,6.0,2.0,0.055,-0.8845557708856839,-0.2326286042639317,-0.32526568932914696
Ichitan Thai Milk Coffee,5.0,1.5,17,0.14,1.0,250.0,Minuman Kopi Susu,6.800000000000001,2.0,0.05600000000000001,-0.8595454699402616,-0.2326286042639317,-0.31979880120656634
Ichitan Thai Milk Green Tea,5.0,5.0,14,0.14,1.0,300.0,Minuman Teh Hijau Susu,4.666666666666667,1.6666666666666667,0.04666666666666667,-0.9262396057947213,-0.3020835697207963,-0.37082309035065203
Ichitan Korean Banana Milk,4.5,2.5,21,0.15,1.0,250.0,Minuman Rasa Susu,8.4,1.7999999999999998,0.06,-0.8095248680494168,-0.2743015835380505,-0.29793124871624393
Ichitan Korean Strawberry Milk,3.5,3.5,17,0.21,1.0,250.0,Minuman Rasa Susu,6.800000000000001,1.4000000000000001,0.08399999999999999,-0.8595454699402616,-0.357647542086288,-0.1667259337743093
Coca Cola Original,0.0,0.0,27,0.015,1.0,250.0,Minuman Berkarbonasi,10.8,0.0,0.005999999999999999,-0.7344939652131495,-0.6493583970051195,-0.5931432073355969
Kopi Kenangan Black Aren,3.5,2.5,14,0.2,1.0,220.0,Minuman Kopi,6.363636363636363,1.5909090909090908,0.09090909090909091,-0.8731874522741283,-0.317868789142811,-0.12895470674557047
Sidomuncul Cokelat Este Emje dengan Ginseng,3.5,1.5,16,0.045,1.0,30.0,Minuman Serbuk,53.333333333333336,11.666666666666666,0.15,0.5952203683851421,1.7815653939851426,0.19408868231601106
Sidomuncul Original Este Emje dengan Ginseng,3.5,1.5,18,0.055,1.0,30.0,Minuman Serbuk,60.0,11.666666666666666,0.18333333333333332,0.8036395429303289,1.7815653939851426,0.3763182864020314
Sidomuncul Coffee Este Emje dengan Ginseng,3.0,1.5,18,0.045,1.0,30.0,Minuman Serbuk,60.0,10.0,0.15,0.8036395429303289,1.4342905667008194,0.19408868231601106
Nutrisari Milky Peach,0.0,0.0,9,0.055,1.0,11.0,Minuman Serbuk Rasa,81.81818181818183,0.0,0.5,1.4857386596236677,-0.6493583970051195,2.1074995252192252
Nutrisari Jeruk Nipis,0.0,0.0,9,0.025,1.0,11.0,Minuman Serbuk Rasa,81.81818181818183,0.0,0.2272727272727273,1.4857386596236677,-0.6493583970051195,0.6165300372426948
Nutrisari Dondong,0.0,0.0,7,0.12,1.0,14.0,Minuman Serbuk Rasa,50.0,0.0,0.8571428571428572,0.49101078111254876,-0.6493583970051195,4.059959568998015
Nutrisari Es Kuwut Nipis,0.0,0.0,9,0.085,1.0,11.0,Minuman Serbuk Rasa,81.81818181818183,0.0,0.7727272727272727,1.4857386596236677,-0.6493583970051195,3.5984690131957553
Nutrisari Florida Orange,0.0,0.0,9,0.02,1.0,11.0,Minuman Serbuk Rasa,81.81818181818183,0.0,0.18181818181818182,1.4857386596236677,-0.6493583970051195,0.36803512257993964
Pop Ice Chocolate,1.0,1.0,17,0.04,1.0,24.0,Minuman Serbuk Rasa,70.83333333333334,4.166666666666666,0.16666666666666669,1.1423207015662578,0.21882867120568827,0.2852034843590214
Pop Ice Strawberry,1.0,1.0,16,0.02,1.0,23.0,Minuman Serbuk Rasa,69.56521739130434,4.3478260869565215,0.08695652173913043,1.1026757498864663,0.2565759350409409,-0.1505629601945057
Pop Ice Vanilla Blue,1.5,1.5,16,0.05,1.0,25.0,Minuman Serbuk Mengandung Susu,64.0,6.0,0.2,0.9286910476574409,0.6008309812184439,0.4674330884450417
Pop Ice Vanilla Latte,1.5,1.5,16,0.015,1.0,25.0,Minuman Serbuk Rasa,64.0,6.0,0.06,0.9286910476574409,0.6008309812184439,-0.29793124871624393
ABC Squash Delight Jeruk Florida,0.0,0.0,6,0.05,15.5,29.0,Squash Berperisa,20.689655172413794,0.0,0.1724137931034483,-0.42531490007749656,-0.6493583970051195,0.31662238161523176
Marjan Squash Cocopandan,0.0,0.0,13,0.025,15.0,30.0,Squash Berperisa,43.333333333333336,0.0,0.08333333333333334,0.28259160656736204,-0.6493583970051195,-0.1703705258560296
Marjan Squash Strawberry,0.0,0.0,12,0.025,15.0,30.0,Squash Berperisa,40.0,0.0,0.08333333333333334,0.17838201929476857,-0.6493583970051195,-0.1703705258560296
Marjan Squash Mango,0.0,0.0,13,0.03,15.0,30.0,Squash Berperisa,43.333333333333336,0.0,0.1,0.28259160656736204,-0.6493583970051195,-0.07925572381301944
Marjan Boudoin Melon,0.0,0.0,21,0.01,15.0,30.0,Sirup Rasa,70.0,0.0,0.03333333333333333,1.116268304748109,-0.6493583970051195,-0.4437149319850602
Marjan Boudoin Cocopandan,0.0,0.0,21,0.005,15.0,30.0,Sirup Rasa,70.0,0.0,0.016666666666666666,1.116268304748109,-0.6493583970051195,-0.5348297340280704
Marjan Boudoin Stroberi,0.0,0.0,21,0.01,15.0,30.0,Sirup Rasa,70.0,0.0,0.03333333333333333,1.116268304748109,-0.6493583970051195,-0.4437149319850602
Tropicana Slim Sirup Rasa Lychee,0.0,0.0,0,0.01,30.0,25.0,Sirup Rasa,0.0,0.0,0.04,-1.0721330279763521,-0.6493583970051195,-0.4072690111678562
Tropicana Slim Sirup Rasa Orange,0.0,0.0,0,0.015,30.0,25.0,Sirup Rasa,0.0,0.0,0.06,-1.0721330279763521,-0.6493583970051195,-0.29793124871624393
Tropicana Slim Sirup Rasa Cocopandan,0.0,0.0,0,0.005,30.0,25.0,Sirup Rasa,0.0,0.0,0.02,-1.0721330279763521,-0.6493583970051195,-0.5166067736194684
Excelso Robusta Gold,1.0,0.0,0,0.0,20.0,10.0,Minuman Serbuk Kopi,0.0,10.0,0.0,-1.0721330279763521,1.4342905667008194,-0.6259445360710806
Excelso Arabica Gold,1.5,0.5,0,0.0,20.0,10.0,Minuman Serbuk Kopi,0.0,15.0,0.0,-1.0721330279763521,2.476115048553789,-0.6259445360710806
Indocafe Original Bland,0.0,0.0,0,0.0,1.0,2.0,Minuman Serbuk Kopi,0.0,0.0,0.0,-1.0721330279763521,-0.6493583970051195,-0.6259445360710806
Kapal Api Special,0.5,0.0,0,0.0,10.0,6.5,Minuman Serbuk Kopi,0.0,7.6923076923076925,0.0,-1.0721330279763521,0.953448498153295,-0.6259445360710806
Kapal Api Lampung,1.0,0.0,0,0.0,21.5,7.0,Minuman Serbuk Kopi,0.0,14.285714285714285,0.0,-1.0721330279763521,2.3272829797176504,-0.6259445360710806
Kapal Api One Kopi + Gula,0.5,0.0,17,0.0,1.0,23.0,Minuman Serbuk Kopi,73.91304347826086,2.1739130434782608,0.0,1.2386012985028922,-0.19639123098208933,-0.6259445360710806
